-- phpMyAdmin SQL Dump
-- version 5.1.1
-- https://www.phpmyadmin.net/
--
-- Gép: 127.0.0.1
-- Létrehozás ideje: 2023. Ápr 03. 12:11
-- Kiszolgáló verziója: 10.4.22-MariaDB
-- PHP verzió: 8.1.2

SET SQL_MODE = "NO_AUTO_VALUE_ON_ZERO";
START TRANSACTION;
SET time_zone = "+00:00";


/*!40101 SET @OLD_CHARACTER_SET_CLIENT=@@CHARACTER_SET_CLIENT */;
/*!40101 SET @OLD_CHARACTER_SET_RESULTS=@@CHARACTER_SET_RESULTS */;
/*!40101 SET @OLD_COLLATION_CONNECTION=@@COLLATION_CONNECTION */;
/*!40101 SET NAMES utf8mb4 */;

--
-- Adatbázis: `fogadas_zaro`
--
CREATE DATABASE IF NOT EXISTS `fogadas_zaro` DEFAULT CHARACTER SET utf8mb4 COLLATE utf8mb4_general_ci;
USE `fogadas_zaro`;

-- --------------------------------------------------------

--
-- Tábla szerkezet ehhez a táblához `be_ki_fizetes`
--

CREATE TABLE `be_ki_fizetes` (
  `id` int(10) UNSIGNED NOT NULL,
  `penztarca_id` int(11) NOT NULL,
  `datum` date NOT NULL,
  `kartyaszam` bigint(20) NOT NULL,
  `osszeg` double NOT NULL,
  `kartya_tulajdonos` varchar(255) NOT NULL
) ENGINE=InnoDB DEFAULT CHARSET=utf8mb4;

--
-- A tábla adatainak kiíratása `be_ki_fizetes`
--

INSERT INTO `be_ki_fizetes` (`id`, `penztarca_id`, `datum`, `kartyaszam`, `osszeg`, `kartya_tulajdonos`) VALUES
(1, 2, '2023-03-20', 123456789123, 5000, 'teszt'),
(2, 2, '2023-03-20', 123456789123, 100, 'teszt'),
(3, 2, '2023-03-20', 123456789123, 1000, 'teszt'),
(4, 2, '2023-03-20', 123456789123, 420, 'teszt'),
(5, 2, '2023-03-20', 123456789123, 2000, 'teszt'),
(6, 2, '2023-03-20', 123456789123, -2000, 'teszt'),
(7, 2, '2023-03-20', 123456789123, -2000, 'teszt'),
(8, 2, '2023-03-20', 123456789123, 2000, 'tesztelek'),
(9, 2, '2023-03-20', 22222222222, 2000, 'tesztelek'),
(10, 2, '2023-03-20', 22222222222, 2000, 'tesztelek'),
(11, 2, '2023-03-20', 2312312123, 2000, 'tesztelek'),
(12, 2, '2023-03-20', 123456789123, 1000, 'teszt'),
(13, 2, '2023-03-20', 123123123, -2000, 'teszt'),
(14, 2, '2023-03-20', 123456789123, 2000, 'tesztelek'),
(15, 2, '2023-03-20', 123456789123, -2000, 'teszt'),
(16, 2, '2023-03-23', 12312321123, 2000, 'az'),
(17, 2, '2023-03-23', 123123, -1000, 'az'),
(18, 2, '2023-03-20', 213123123, 2000, 'az'),
(19, 6, '2023-03-24', 21332, 1100, 'az'),
(20, 6, '2023-03-26', 21332, 3, 'az'),
(21, 6, '2023-03-26', 21332, 2081, 'az'),
(22, 6, '2023-03-26', 21332, 3000, 'az'),
(23, 6, '2023-03-26', 21332, 2, 'az'),
(24, 6, '2023-03-26', 21332, 10000, 'az'),
(25, 6, '2023-03-27', 21332, 1000, 'az'),
(26, 6, '2023-03-28', 12312313123, 20000, 'az'),
(27, 6, '2023-03-28', 21332, 5000, 'az'),
(28, 6, '2023-03-31', 123123123, 2000, 'az');

-- --------------------------------------------------------

--
-- Tábla szerkezet ehhez a táblához `felhasznaloi_adatok`
--

CREATE TABLE `felhasznaloi_adatok` (
  `felhasz_id` int(11) NOT NULL,
  `felhasz_nev` varchar(255) NOT NULL,
  `email` varchar(255) NOT NULL,
  `jelszo` varchar(255) NOT NULL,
  `hash` varchar(255) NOT NULL,
  `reg_datum` date NOT NULL,
  `okmany` varchar(255) NOT NULL,
  `neme` varchar(255) NOT NULL,
  `orszag` varchar(255) NOT NULL
) ENGINE=InnoDB DEFAULT CHARSET=utf8mb4;

--
-- A tábla adatainak kiíratása `felhasznaloi_adatok`
--

INSERT INTO `felhasznaloi_adatok` (`felhasz_id`, `felhasz_nev`, `email`, `jelszo`, `hash`, `reg_datum`, `okmany`, `neme`, `orszag`) VALUES
(3, 'Teszt Elek', 'tesztelek@localhost.org', '$2y$10$5w3G8QT3uAF5I6ZFAIYxLeaibWSouAcv0AMj09xrwvknnF7w0Dogi', '3545578dd1b80e7bbb1e36eb6ae0cc22596f825c9d488c0d0e20702636537465684c8cb6eca180667d50fb1a0983a363231bc7e8c006dccde000b7b64dbfe0b9', '2023-03-13', '123456', 'Férfi', 'cigany'),
(4, 'teszt', 'teszt@localhost.org', '$2y$10$i05XnrwkxrNQ43TZHBnID.IBvfOeH4Mn8pE4jXfcY/2B6DRHCbj5C', '1f2fdc211715d8749a3deb711fd77649a799bb129f1c9ee6b3ea765bf5f63bf6ff8d4304ff5293dd70834f284d2214e983f432f01b9c5e0acaac5fb5ceae7a30', '2023-03-20', '123456', 'Férfi', 'Magyarország'),
(5, 'az', 'az@localhost.org', '$2y$10$LV8DK.yqRVrqQjZ6lsoyuug/BJOuM8svsc2/BNuG1oqCbkWBBeZYm', 'f7a3e3b8e10e0dba21dd7d18fcf8088d1802a91d8938714a2e7367dfd871ba1c4de481b0c000440ee09c77d79cdfa73f858fa4f2fa684afd6d7c2df8200ca2b7', '2023-03-23', '123456', 'Nő', 'magyar');

-- --------------------------------------------------------

--
-- Tábla szerkezet ehhez a táblához `fogadas`
--

CREATE TABLE `fogadas` (
  `felhasz_id` int(11) NOT NULL,
  `fog_id` int(11) NOT NULL,
  `fogadasi_osszeg` int(11) NOT NULL,
  `profit_buko` double NOT NULL,
  `meccs_id` int(11) NOT NULL,
  `fogadasi_szam` int(11) NOT NULL,
  `eredmeny` varchar(255) NOT NULL,
  `odds` double NOT NULL
) ENGINE=InnoDB DEFAULT CHARSET=utf8mb4;

--
-- A tábla adatainak kiíratása `fogadas`
--

INSERT INTO `fogadas` (`felhasz_id`, `fog_id`, `fogadasi_osszeg`, `profit_buko`, `meccs_id`, `fogadasi_szam`, `eredmeny`, `odds`) VALUES
(4, 5, 200, 0, 58, 1, 'Vesztes', 0),
(5, 9, 100, 0, 59, 1, 'Vesztes', 0),
(5, 10, 3, 0, 59, 1, 'Vesztes', 0),
(5, 11, 200, 0, 60, 1, 'Vesztes', 0),
(5, 13, 1881, 0, 64, 1, 'Vesztes', 0),
(5, 14, 3000, 0, 64, 1, 'Vesztes', 0),
(5, 15, 300, 0, 64, 2, 'Vesztes', 0),
(5, 16, 1, 0, 64, 1, 'Vesztes', 0),
(5, 17, 50, 0, 64, 1, 'Vesztes', 0),
(5, 18, 51, 0, 64, 1, 'Vesztes', 0),
(5, 20, 100, 0, 64, 1, '', 0),
(5, 21, 100, 0, 64, 1, '', 0),
(5, 22, 200, 0, 65, 1, '', 0),
(5, 23, 200, 0, 66, 1, '', 0),
(5, 24, 200, 400, 67, 2, 'Nyertes', 0),
(5, 25, 200, -200, 69, 2, 'Vesztes', 0),
(5, 26, 1000, -1000, 70, 2, 'Vesztes', 0),
(5, 27, 200, 400, 71, 2, 'Nyertes', 0),
(5, 28, 200, -200, 72, 3, 'Vesztes', 0),
(5, 29, 5000, -5000, 73, 3, 'Vesztes', 0),
(5, 30, 5000, -5000, 74, 3, 'Vesztes', 0),
(5, 31, 2, 0, 75, 2, '', 0),
(5, 32, 200, 0, 75, 2, '', 0),
(5, 33, 200, 0, 75, 1, '', 0),
(5, 34, 200, 0, 75, 1, '', 0),
(5, 35, 398, -398, 76, 2, 'Vesztes', 0),
(5, 36, 2000, -2000, 78, 2, 'Vesztes', 0),
(5, 37, 8000, -8000, 79, 3, 'Vesztes', 0),
(5, 38, 1000, 2000, 80, 1, 'Nyertes', 0),
(5, 39, 1000, -1000, 81, 1, 'Vesztes', 0),
(5, 40, 5000, 10000, 82, 2, 'Nyertes', 0),
(5, 41, 5000, -5000, 83, 3, 'Vesztes', 0),
(5, 42, 5000, -5000, 96, 3, 'Vesztes', 0),
(5, 43, 5000, -5000, 97, 2, 'Vesztes', 0),
(5, 44, 1000, 2000, 100, 1, 'Nyertes', 0),
(5, 45, 1000, -1000, 100, 3, 'Vesztes', 0),
(5, 46, 1000, -1000, 107, 1, 'Vesztes', 0),
(5, 47, 1000, 2000, 115, 1, 'Nyertes', 0),
(5, 48, 1000, 2000, 116, 2, 'Nyertes', 0),
(5, 49, 1000, 2000, 117, 2, 'Nyertes', 0),
(5, 50, 1000, -1000, 119, 2, 'Vesztes', 0),
(5, 51, 100, -100, 121, 1, 'Vesztes', 0),
(5, 52, 100, -100, 125, 2, 'Vesztes', 0),
(5, 53, 1000, -1000, 133, 2, 'Vesztes', 0),
(5, 54, 1000, 2000, 134, 2, 'Nyertes', 2.5),
(5, 55, 1000, -1000, 137, 1, 'Vesztes', 2),
(5, 56, 2000, -2000, 140, 1, 'Vesztes', 2),
(5, 57, 800, -800, 168, 1, 'Vesztes', 2),
(5, 58, 2000, 4000, 169, 1, 'Nyertes', 2),
(5, 59, 2000, -2000, 176, 1, 'Vesztes', 1.8),
(5, 60, 2000, -2000, 177, 2, 'Vesztes', 2),
(5, 61, 2000, -2000, 178, 2, 'Vesztes', 1.44);

-- --------------------------------------------------------

--
-- Tábla szerkezet ehhez a táblához `fogadasi_lehetoseg`
--

CREATE TABLE `fogadasi_lehetoseg` (
  `fogadasi_szam` int(11) NOT NULL,
  `fogadas_neve` varchar(255) NOT NULL,
  `szorzo` double NOT NULL
) ENGINE=InnoDB DEFAULT CHARSET=utf8mb4;

--
-- A tábla adatainak kiíratása `fogadasi_lehetoseg`
--

INSERT INTO `fogadasi_lehetoseg` (`fogadasi_szam`, `fogadas_neve`, `szorzo`) VALUES
(1, 'Hazai', 2),
(2, 'Vendég', 2),
(3, 'Döntetlen', 2.67),
(4, '+1.5 Gól', 2.13),
(5, '+2.5 Gól', 2.95),
(6, '+3.5 Gól', 3.77),
(7, '+5 Gól', 10.64),
(8, '-3.5 Gól', 1.91),
(9, '-2.5 Gól', 2.45),
(10, '-1.5 Gól', 3),
(11, 'Hazai +1.5 Gól', 2.8),
(12, 'Hazai +2.5 Gól', 3.6),
(13, 'Hazai +3.5 Gól', 5),
(14, 'Hazai -3.5 Gól', 3),
(15, 'Hazai -2.5 Gól', 4),
(16, 'Hazai -1.5 Gól', 6),
(17, 'Vendég +1.5 Gól', 2.8),
(18, 'Vendég +2.5 Gól', 3.6),
(19, 'Vendég +3.5 Gól', 5),
(20, 'Vendég -3.5 Gól', 3),
(21, 'Vendég -2.5 Gól', 4),
(22, 'Vendég -1.5 Gól', 6);

-- --------------------------------------------------------

--
-- Tábla szerkezet ehhez a táblához `jatekosok`
--

CREATE TABLE `jatekosok` (
  `nemzet_id` int(11) NOT NULL,
  `jatekos_nev` varchar(255) NOT NULL,
  `pozicio` varchar(255) NOT NULL
) ENGINE=InnoDB DEFAULT CHARSET=utf8mb4;

--
-- A tábla adatainak kiíratása `jatekosok`
--

INSERT INTO `jatekosok` (`nemzet_id`, `jatekos_nev`, `pozicio`) VALUES
(1, 'Manuel Neuer', 'Kapus'),
(1, 'Joshua Kimmich', 'Védő'),
(1, 'Matthias Ginter', 'Védő'),
(1, 'Antonio Rudiger', 'Védő'),
(1, 'Robin Gosens', 'Védő'),
(1, 'Toni Kroos', 'Középpályás'),
(1, 'Ilkay Gundogan', 'Középpályás'),
(1, 'Kai Havertz', 'Középpályás'),
(1, 'Serge Gnabry', 'Támadó'),
(1, 'Thomas Muller', 'Támadó'),
(1, 'Timo Werner', 'Támadó'),
(2, 'Hugo Lloris', 'Kapus'),
(2, 'Benjamin Pavard', 'Védő'),
(2, 'Raphael Varane', 'Védő'),
(2, 'Presnel Kimpembe', 'Védő'),
(2, 'Lucas Hernandez', 'Védő'),
(2, 'N\'Golo Kante', 'Középpályás'),
(2, 'Paul Pogba', 'Középpályás'),
(2, 'Adrien Rabiot', 'Középpályás'),
(2, 'Kylian Mbappe', 'Támadó'),
(2, 'Antoine Griezmann', 'Támadó'),
(2, 'Karim Benzema', 'Támadó'),
(3, 'Péter Gulácsi', 'Kapus'),
(3, 'Ádám Lang', 'Védő'),
(3, 'Attila Fiola', 'Védő'),
(3, 'Willi Orbán', 'Védő'),
(3, 'Endre Botka', 'Védő'),
(3, 'Dávid Sigér', 'Középpályás'),
(3, 'László Kleinheisler', 'Középpályás'),
(3, 'Ákos Kecskés', 'Középpályás'),
(3, 'Dominik Szoboszlai', 'Csatár'),
(3, 'Ádám Szalai', 'Csatár'),
(3, 'Roland Sallai', 'Csatár'),
(4, 'Gianluigi Donnarumma', 'Kapus'),
(4, 'Giovanni Di Lorenzo', 'Védő'),
(4, 'Leonardo Bonucci', 'Védő'),
(4, 'Giorgio Chiellini', 'Védő'),
(4, 'Emerson Palmieri', 'Védő'),
(4, 'Jorginho', 'Középpályás'),
(4, 'Marco Verratti', 'Középpályás'),
(4, 'Nicolo Barella', 'Középpályás'),
(4, 'Federico Chiesa', 'Támadó'),
(4, 'Lorenzo Insigne', 'Támadó'),
(4, 'Ciro Immobile', 'Támadó'),
(5, 'Koen Casteels', 'Kapus'),
(5, 'Arthur Theate', 'Védő'),
(5, 'Jan Vertonghen', 'Védő'),
(5, 'Wout Faes', 'Védő'),
(5, 'Timothy Castagne', 'Védő'),
(5, 'Orel Mangala', 'Középpályás'),
(5, 'Amadou Onana', 'Középpályás'),
(5, 'Kevin De Bruyne', 'Középpályás'),
(5, 'Yannick Carrasco', 'Csatár'),
(5, 'Dodi Lukebakio', 'Csatár'),
(5, 'Romelu Lukaku', 'Csatár'),
(6, 'Jordan Pickford', 'Kapus'),
(6, 'Luke Shaw', 'Védő'),
(6, 'Harry Maguire', 'Védő'),
(6, 'John Stones', 'Védő'),
(6, 'Kyle Walker', 'Védő'),
(6, 'Jude Bellingham', 'Középpályás'),
(6, 'Declan Rice', 'Középpályás'),
(6, 'Kalvin Phillips', 'Középpályás'),
(6, 'Jack Grealish', 'Csatár'),
(6, 'Harry Kane', 'Csatár'),
(6, 'Bukayo Saka', 'Csatár'),
(7, 'Kepa Arrizabalaga', 'Kapus'),
(7, 'Daniel Carvajal', 'Védő'),
(7, 'Nacho Fernández', 'Védő'),
(7, 'Aymeric Laporte', 'Védő'),
(7, 'Alejandro Baldé', 'Védő'),
(7, 'Iago Aspas', 'Középpályás'),
(7, 'Rodri', 'Középpályás'),
(7, 'Mikel Merino', 'Középpályás'),
(7, 'Dani Olmo', 'Csatár'),
(7, 'Álvaro Morata', 'Csatár'),
(7, 'Gavi', 'Csatár'),
(8, 'Jasper Cillessen', 'Kapus'),
(8, 'Nathan Aké', 'Védő'),
(8, 'Virgil van Dijk', 'Védő'),
(8, 'Lutsharel Geertruida', 'Védő'),
(8, 'Jurriën Timber', 'Védő'),
(8, 'Kenneth Taylor', 'Középpályás'),
(8, 'Marten de Roon', 'Középpályás'),
(8, 'Georginio Wijnaldum', 'Középpályás'),
(8, 'Xavi Simons', 'Csatár'),
(8, 'Memphis Depay', 'Csatár'),
(8, 'Steven Berghuis', 'Csatár'),
(9, 'Rui Patrício', 'Kapus'),
(9, 'João Cancelo', 'Védő'),
(9, 'Rúben Dias', 'Védő'),
(9, 'Gonçalo Inácio', 'Védő'),
(9, 'Danilo Pereira', 'Védő'),
(9, 'João Palhinha', 'Középpályás'),
(9, 'Bernardo Silva', 'Középpályás'),
(9, 'Bruno Fernandes', 'Középpályás'),
(9, 'Rafael Leão', 'Csatár'),
(9, 'Cristiano Ronaldo', 'Csatár'),
(9, 'João Félix', 'Csatár'),
(10, 'Kasper Schmeichel', 'Kapus'),
(10, 'Joakim Mæhle', 'Védő'),
(10, 'Victor Nelsson', 'Védő'),
(10, 'Simon Kjær', 'Védő'),
(10, 'Alexander Bah', 'Védő'),
(10, 'Mathias Jensen', 'Középpályás'),
(10, 'Christian Nørgaard', 'Középpályás'),
(10, 'Pierre-Emile Højbjerg', 'Középpályás'),
(10, 'Mikkel Damsgaard', 'Csatár'),
(10, 'Rasmus Winther Højlund', 'Csatár'),
(10, 'Jonas Wind', 'Csatár'),
(11, 'Dominik Livaković', 'Kapus'),
(11, 'Borna Barišić', 'Védő'),
(11, 'Joško Gvardiol', 'Védő'),
(11, 'Josip Šutalo', 'Védő'),
(11, 'Josip Stanišić', 'Védő'),
(11, 'Mateo Kovačić', 'Középpályás'),
(11, 'Marcelo Brozović', 'Középpályás'),
(11, 'Luka Modrić', 'Középpályás'),
(11, 'Ivan Perišić', 'Csatár'),
(11, 'Andrej Kramarić', 'Csatár'),
(11, 'Mario Pašalić', 'Csatár'),
(12, 'Yann Sommer', 'Kapus'),
(12, 'Silvan Widmer', 'Védő'),
(12, 'Manuel Akanji', 'Védő'),
(12, 'Nico Elvedi', 'Védő'),
(12, 'Ricardo Rodríguez', 'Védő'),
(12, 'Remo Freuler', 'Középpályás'),
(12, 'Denis Zakaria', 'Középpályás'),
(12, 'Granit Xhaka', 'Középpályás'),
(12, 'Zeki Amdouni', 'Csatár'),
(12, 'Ruben Vargas', 'Csatár'),
(12, 'Cédric Itten', 'Csatár'),
(13, 'Vanja Milinković-Savić', 'Kapus'),
(13, 'Strahinja Pavlović', 'Védő'),
(13, 'Nemanja Gudelj', 'Védő'),
(13, 'Nikola Milenković', 'Védő'),
(13, 'Filip Mladenović', 'Védő'),
(13, 'Marko Grujić', 'Középpályás'),
(13, 'Ivan Ilić', 'Középpályás'),
(13, 'Filip Đuričić', 'Középpályás'),
(13, 'Sergej Milinković-Savić', 'Csatár'),
(13, 'Dušan Tadić', 'Csatár'),
(13, 'Aleksandar Mitrović', 'Csatár'),
(14, 'Robin Olsen', 'Kapus'),
(14, 'Linus Wahlqvist', 'Védő'),
(14, 'Victor Lindelöf', 'Védő'),
(14, 'Hjalmar Ekdal', 'Védő'),
(14, 'Ludwig Augustinsson', 'Védő'),
(14, 'Mattias Svanberg', 'Középpályás'),
(14, 'Mattias Svanberg', 'Középpályás'),
(14, 'Emil Forsberg', 'Középpályás'),
(14, 'Samuel Gustafson', 'Csatár'),
(14, 'Dejan Kulusevski', 'Csatár'),
(14, 'Alexander Isak', 'Csatár'),
(15, 'Wojciech Szczęsny', 'Kapus'),
(15, 'Michał Karbownik', 'Védő'),
(15, 'Jakub Kiwior', 'Védő'),
(15, 'Jan Bednarek', 'Védő'),
(15, 'Matty Cash', 'Védő'),
(15, 'Krystian Bielik', 'Középpályás'),
(15, 'Karol Linetty', 'Középpályás'),
(15, 'Piotr Zieliński', 'Középpályás'),
(15, 'Przemysław Frankowski', 'Csatár'),
(15, 'Sebastian Szymański', 'Csatár'),
(15, 'Robert Lewandowski', 'Csatár'),
(16, 'Jiří Pavlenka', 'Kapus'),
(16, 'Tomáš Holeš', 'Védő'),
(16, 'Jakub Brabec', 'Védő'),
(16, 'Ladislav Krejčí', 'Védő'),
(16, 'Alex Král', 'Védő'),
(16, 'Vladimír Coufal', 'Középpályás'),
(16, 'Tomáš Souček', 'Középpályás'),
(16, 'David Jurásek', 'Középpályás'),
(16, 'Tomáš Čvančara', 'Csatár'),
(16, 'Adam Hložek', 'Csatár'),
(16, 'Jan Kuchta', 'Csatár'),
(17, 'Ørjan Nyland', 'Kapus'),
(17, 'Birger Meling', 'Védő'),
(17, 'Leo Østigård', 'Védő'),
(17, 'Stefan Strandberg', 'Védő'),
(17, 'Marcus Pedersen', 'Védő'),
(17, 'Patrick Berg', 'Középpályás'),
(17, 'Martin Ødegaard', 'Középpályás'),
(17, 'Fredrik Aursnes', 'Középpályás'),
(17, 'Mohamed Elyounoussi', 'Csatár'),
(17, 'Sander Berge', 'Csatár'),
(17, 'Alexander Sørloth', 'Csatár'),
(18, 'Mert Günok', 'Kapus'),
(18, 'Zeki Çelik', 'Védő'),
(18, 'Merih Demiral', 'Védő'),
(18, 'Çağlar Söyüncü', 'Védő'),
(18, 'Ferdi Kadıoğlu', 'Védő'),
(18, 'Orkun Kökçü', 'Középpályás'),
(18, 'Salih Özcan', 'Középpályás'),
(18, 'Cengiz Ünder', 'Középpályás'),
(18, 'Hakan Çalhanoğlu', 'Csatár'),
(18, 'Kerem Aktürkoğlu', 'Csatár'),
(18, 'Enes Ünal', 'Csatár'),
(19, 'Heinz Lindner', 'Kapus'),
(19, 'Phillipp Mwene', 'Védő'),
(19, 'Gernot Trauner', 'Védő'),
(19, 'Kevin Danso', 'Védő'),
(19, 'Maximilian Wöber', 'Védő'),
(19, 'Konrad Laimer', 'Középpályás'),
(19, 'Nicolas Seiwald', 'Középpályás'),
(19, 'Marcel Sabitzer', 'Középpályás'),
(19, 'Patrick Wimmer', 'Csatár'),
(19, 'Christoph Baumgartner', 'Csatár'),
(19, 'Michael Gregoritsch', 'Csatár'),
(20, 'Anatolii Trubin', 'Kapus'),
(20, 'Vitaliy Mykolenko', 'Védő'),
(20, 'Mykola Matviyenko', 'Védő'),
(20, 'Oleksandr Svatok', 'Védő'),
(20, 'Oleksandr Karavayev', 'Védő'),
(20, 'Oleksandr Zinchenko', 'Középpályás'),
(20, 'Taras Stepanenko', 'Középpályás'),
(20, 'Heorhii Sudakov', 'Középpályás'),
(20, 'Mykhaylo Mudryk', 'Csatár'),
(20, 'Ruslan Malinovskyi', 'Csatár'),
(20, 'Roman Yaremchuk', 'Csatár');

-- --------------------------------------------------------

--
-- Tábla szerkezet ehhez a táblához `meccs_eredmeny`
--

CREATE TABLE `meccs_eredmeny` (
  `meccs_id` int(11) NOT NULL,
  `eredmeny` varchar(255) NOT NULL,
  `gol_szerzo` varchar(255) NOT NULL,
  `golszam` int(11) NOT NULL,
  `hazai_id` int(11) NOT NULL,
  `vendeg_id` int(11) NOT NULL,
  `lefutott_e` int(1) NOT NULL
) ENGINE=InnoDB DEFAULT CHARSET=utf8mb4;

--
-- A tábla adatainak kiíratása `meccs_eredmeny`
--

INSERT INTO `meccs_eredmeny` (`meccs_id`, `eredmeny`, `gol_szerzo`, `golszam`, `hazai_id`, `vendeg_id`, `lefutott_e`) VALUES
(1, '4-0', '', 4, 2, 1, 1),
(2, '3-2', '', 5, 1, 2, 1),
(3, '1-0', '', 1, 2, 1, 1),
(4, '2-2', '', 4, 1, 2, 1),
(5, '1-3', '', 4, 2, 1, 1),
(6, '3-0', '', 3, 2, 1, 1),
(7, '1-1', '', 2, 1, 2, 1),
(8, '2-0', '', 2, 3, 4, 1),
(9, '1-2', '', 3, 1, 3, 1),
(10, '1-0', '', 1, 3, 2, 1),
(11, '2-0', '', 2, 3, 4, 1),
(12, '2-3', '', 5, 1, 3, 1),
(13, '2-0', '', 2, 2, 4, 1),
(14, '0-3', '', 3, 4, 2, 1),
(15, '2-2', 'Ádám Lang,László Kleinheisler,Benjamin Pavard,Benjamin Pavard,', 4, 3, 2, 1),
(16, '0-6', 'Dominik Szoboszlai,Dominik Szoboszlai,Roland Sallai,Roland Sallai,Dominik Szoboszlai,Willi Orbán,', 6, 4, 3, 1),
(17, '0-2', 'Adrien Rabiot,Paul Pogba,', 2, 3, 2, 1),
(18, '2-2', 'Jorginho,Leonardo Bonucci,N\'Golo Kante,N\'Golo Kante,', 4, 4, 2, 1),
(28, '4-4', 'Joshua Kimmich,Kai Havertz,Matthias Ginter,Joshua Kimmich,Marco Verratti,Leonardo Bonucci,Marco Verratti,Nicolo Barella,', 8, 1, 4, 1),
(29, '2-2', 'Marco Verratti,Leonardo Bonucci,Roland Sallai,Ádám Szalai,', 4, 4, 3, 1),
(30, '0-0', '', 0, 4, 3, 1),
(31, '0-0', '', 0, 2, 4, 1),
(32, '1-0', 'Ákos Kecskés,', 1, 3, 2, 1),
(33, '8-0', 'Leonardo Bonucci,Nicolo Barella,Leonardo Bonucci,Giorgio Chiellini,Marco Verratti,Giorgio Chiellini,Nicolo Barella,Giorgio Chiellini,', 8, 4, 3, 1),
(34, '0-3', 'Kai Havertz,Antonio Rudiger,Antonio Rudiger,', 3, 4, 1, 1),
(35, '3-5', 'Ilkay Gundogan,Ilkay Gundogan,Toni Kroos,Giorgio Chiellini,Jorginho,Emerson Palmieri,Jorginho,Marco Verratti,', 8, 1, 4, 1),
(36, '1-0', 'Jorginho,', 1, 4, 2, 1),
(37, '5-2', 'Joshua Kimmich,Antonio Rudiger,Matthias Ginter,Ilkay Gundogan,Robin Gosens,Marco Verratti,Giovanni Di Lorenzo,', 7, 1, 4, 1),
(38, '0-1', 'Dominik Szoboszlai,', 1, 1, 3, 1),
(39, '0-0', '', 0, 2, 3, 1),
(40, '0-0', '', 0, 2, 1, 1),
(41, '0-0', '', 0, 1, 4, 1),
(42, '3-4', 'Joshua Kimmich,Joshua Kimmich,Matthias Ginter,Giovanni Di Lorenzo,Leonardo Bonucci,Nicolo Barella,Leonardo Bonucci,', 7, 1, 4, 1),
(43, '6-1', 'Marco Verratti,Marco Verratti,Marco Verratti,Marco Verratti,Marco Verratti,Jorginho,Dominik Szoboszlai,', 7, 4, 3, 1),
(44, '3-1', 'Ilkay Gundogan,Ilkay Gundogan,Joshua Kimmich,Ádám Szalai,', 4, 1, 3, 1),
(45, '1-3', 'Kai Havertz,Giovanni Di Lorenzo,Jorginho,Leonardo Bonucci,', 4, 1, 4, 1),
(46, '1-3', 'N\'Golo Kante,Matthias Ginter,Kai Havertz,Ilkay Gundogan,', 4, 2, 1, 1),
(47, '0-1', 'Dominik Szoboszlai,', 1, 1, 3, 1),
(48, '0-0', '', 0, 2, 4, 1),
(49, '3-3', 'N\'Golo Kante,Raphael Varane,Benjamin Pavard,Toni Kroos,Ilkay Gundogan,Kai Havertz,', 6, 2, 1, 1),
(50, '1-3', 'Dominik Szoboszlai,Marco Verratti,Nicolo Barella,Emerson Palmieri,', 4, 3, 4, 1),
(51, '3-2', 'Kai Havertz,Joshua Kimmich,Kai Havertz,Nicolo Barella,Nicolo Barella,', 5, 1, 4, 1),
(52, '4-4', 'Ádám Szalai,Endre Botka,Ádám Szalai,Ádám Szalai,Toni Kroos,Kai Havertz,Kai Havertz,Toni Kroos,', 8, 3, 1, 1),
(53, '0-0', '', 0, 4, 2, 1),
(54, '0-0', '', 0, 3, 4, 1),
(55, '3-3', 'Giovanni Di Lorenzo,Marco Verratti,Giorgio Chiellini,Lucas Hernandez,Raphael Varane,Raphael Varane,', 6, 4, 2, 1),
(56, '0-4', 'Attila Fiola,Roland Sallai,Dominik Szoboszlai,Ádám Lang,', 4, 2, 3, 1),
(57, '2-0', 'Ilkay Gundogan,Toni Kroos,', 2, 1, 3, 1),
(58, '0-2', 'Matthias Ginter,Matthias Ginter,', 2, 2, 1, 1),
(59, '0-0', '', 0, 4, 3, 1),
(60, '2-5', 'N\'Golo Kante,Adrien Rabiot,Robin Gosens,Joshua Kimmich,Robin Gosens,Ilkay Gundogan,Joshua Kimmich,', 7, 2, 1, 1),
(61, '0-8', 'Toni Kroos,Toni Kroos,Matthias Ginter,Ilkay Gundogan,Joshua Kimmich,Joshua Kimmich,Kai Havertz,Antonio Rudiger,', 8, 2, 1, 1),
(62, '3-1', 'Marco Verratti,Nicolo Barella,Leonardo Bonucci,Benjamin Pavard,', 4, 4, 2, 1),
(63, '0-6', 'Emerson Palmieri,Nicolo Barella,Emerson Palmieri,Jorginho,Jorginho,Giovanni Di Lorenzo,', 6, 2, 4, 1),
(64, '1-0', '', 1, 2, 3, 1),
(65, '1-3', 'Toni Kroos,Attila Fiola,László Kleinheisler,Dominik Szoboszlai,', 4, 1, 3, 1),
(66, '1-4', 'Giorgio Chiellini,László Kleinheisler,Roland Sallai,Dávid Sigér,Dominik Szoboszlai,', 5, 4, 3, 1),
(67, '0-2', 'Roland Sallai,László Kleinheisler,', 2, 2, 3, 1),
(68, '1-1', 'Benjamin Pavard,Kai Havertz,', 2, 2, 1, 1),
(69, '5-3', 'Emerson Palmieri,Emerson Palmieri,Giorgio Chiellini,Leonardo Bonucci,Giovanni Di Lorenzo,Kai Havertz,Ilkay Gundogan,Toni Kroos,', 8, 4, 1, 1),
(70, '4-4', 'Lucas Hernandez,Lucas Hernandez,Adrien Rabiot,Raphael Varane,Roland Sallai,Ádám Szalai,Dominik Szoboszlai,Attila Fiola,', 8, 2, 3, 1),
(71, '1-3', 'Toni Kroos,Ádám Szalai,Dominik Szoboszlai,Ádám Szalai,', 4, 1, 3, 1),
(72, '3-0', 'Adrien Rabiot,Benjamin Pavard,N\'Golo Kante,', 3, 2, 1, 1),
(73, '0-4', 'Leonardo Bonucci,Emerson Palmieri,Jorginho,Nicolo Barella,', 4, 2, 4, 1),
(74, '1-0', 'Ilkay Gundogan,', 1, 1, 4, 1),
(75, '0-1', '', 1, 4, 3, 1),
(76, '1-0', 'Giorgio Chiellini,', 1, 4, 3, 1),
(77, '6-1', 'N\'Golo Kante,N\'Golo Kante,N\'Golo Kante,N\'Golo Kante,Paul Pogba,Lucas Hernandez,Ádám Szalai,', 7, 2, 3, 1),
(78, '5-0', 'Joshua Kimmich,Kai Havertz,Ilkay Gundogan,Matthias Ginter,Toni Kroos,', 5, 1, 2, 1),
(79, '0-7', 'Marco Verratti,Emerson Palmieri,Marco Verratti,Marco Verratti,Nicolo Barella,Jorginho,Marco Verratti,', 7, 3, 4, 1),
(80, '5-2', 'Jorginho,Marco Verratti,Marco Verratti,Jorginho,Leonardo Bonucci,Benjamin Pavard,Paul Pogba,', 7, 4, 2, 1),
(81, '4-4', 'Jorginho,Jorginho,Nicolo Barella,Giorgio Chiellini,Dominik Szoboszlai,László Kleinheisler,Ádám Szalai,Dominik Szoboszlai,', 8, 4, 3, 1),
(82, '0-7', 'Ádám Szalai,Dávid Sigér,Ákos Kecskés,Dominik Szoboszlai,Roland Sallai,Dominik Szoboszlai,Attila Fiola,', 7, 2, 3, 1),
(83, '2-4', 'Dominik Szoboszlai,Willi Orbán,Nicolo Barella,Nicolo Barella,Giovanni Di Lorenzo,Leonardo Bonucci,', 6, 3, 4, 1),
(84, '1-1', 'Kai Havertz,Benjamin Pavard,', 2, 1, 2, 1),
(85, '7-1', 'Antonio Rudiger,Toni Kroos,Kai Havertz,Kai Havertz,Kai Havertz,Kai Havertz,Toni Kroos,Dominik Szoboszlai,', 8, 1, 3, 1),
(86, '0-2', 'Leonardo Bonucci,Marco Verratti,', 2, 3, 4, 1),
(87, '2-0', 'Kai Havertz,Kai Havertz,', 2, 1, 3, 1),
(88, '0-1', 'Dávid Sigér,', 1, 2, 3, 1),
(89, '4-1', 'Dominik Szoboszlai,Dominik Szoboszlai,Endre Botka,Ádám Lang,Lucas Hernandez,', 5, 3, 2, 1),
(90, '0-0', '', 0, 2, 1, 1),
(91, '3-5', 'Lucas Hernandez,Paul Pogba,Raphael Varane,Ilkay Gundogan,Ilkay Gundogan,Robin Gosens,Ilkay Gundogan,Ilkay Gundogan,', 8, 2, 1, 1),
(92, '2-1', 'Giorgio Chiellini,Giorgio Chiellini,Toni Kroos,', 3, 4, 1, 1),
(93, '3-1', 'Ilkay Gundogan,Ilkay Gundogan,Toni Kroos,Paul Pogba,', 4, 1, 2, 1),
(94, '3-3', 'Paul Pogba,N\'Golo Kante,N\'Golo Kante,Nicolo Barella,Emerson Palmieri,Marco Verratti,', 6, 2, 4, 1),
(95, '4-3', 'Jorginho,Leonardo Bonucci,Leonardo Bonucci,Jorginho,Dominik Szoboszlai,Dominik Szoboszlai,Dávid Sigér,', 7, 4, 3, 1),
(96, '1-4', 'Kai Havertz,Nicolo Barella,Giovanni Di Lorenzo,Leonardo Bonucci,Nicolo Barella,', 5, 1, 4, 1),
(97, '6-0', 'Leonardo Bonucci,Jorginho,Giorgio Chiellini,Giorgio Chiellini,Nicolo Barella,Marco Verratti,', 6, 4, 1, 1),
(98, '2-1', 'Kai Havertz,Joshua Kimmich,Presnel Kimpembe,', 3, 1, 2, 1),
(99, '4-1', 'Marco Verratti,Leonardo Bonucci,Marco Verratti,Marco Verratti,Dominik Szoboszlai,', 5, 4, 3, 1),
(100, '1-0', 'Jorginho,', 1, 4, 3, 1),
(101, '5-0', 'Toni Kroos,Kai Havertz,Robin Gosens,Toni Kroos,Toni Kroos,', 5, 1, 3, 1),
(102, '1-7', 'N\'Golo Kante,Kai Havertz,Ilkay Gundogan,Joshua Kimmich,Ilkay Gundogan,Kai Havertz,Antonio Rudiger,Joshua Kimmich,', 8, 2, 1, 1),
(103, '1-1', 'Ádám Szalai,Paul Pogba,', 2, 3, 2, 1),
(104, '3-2', 'Ádám Szalai,Roland Sallai,Dávid Sigér,Presnel Kimpembe,Adrien Rabiot,', 5, 3, 2, 1),
(105, '1-1', 'Matthias Ginter,Adrien Rabiot,', 2, 1, 2, 1),
(106, '2-2', 'N\'Golo Kante,N\'Golo Kante,Giovanni Di Lorenzo,Leonardo Bonucci,', 4, 2, 4, 1),
(107, '3-3', 'Leonardo Bonucci,Emerson Palmieri,Marco Verratti,Ádám Szalai,Ádám Szalai,Ádám Szalai,', 6, 4, 3, 1),
(108, '1-1', 'Benjamin Pavard,Kai Havertz,', 2, 2, 1, 1),
(109, '4-4', 'Matthias Ginter,Antonio Rudiger,Toni Kroos,Joshua Kimmich,Marco Verratti,Nicolo Barella,Giovanni Di Lorenzo,Marco Verratti,', 8, 1, 4, 1),
(110, '0-0', '', 0, 2, 3, 1),
(111, '2-0', 'Dávid Sigér,Dominik Szoboszlai,', 2, 3, 4, 1),
(112, '1-1', 'Dominik Szoboszlai,Toni Kroos,', 2, 3, 1, 1),
(113, '2-2', 'Jorginho,Giovanni Di Lorenzo,Adrien Rabiot,N\'Golo Kante,', 4, 4, 2, 1),
(114, '0-3', 'N\'Golo Kante,Presnel Kimpembe,Raphael Varane,', 3, 1, 2, 1),
(115, '2-0', 'Leonardo Bonucci,Jorginho,', 2, 4, 1, 1),
(116, '0-2', 'Jorginho,Nicolo Barella,', 2, 1, 4, 1),
(117, '3-4', 'Kai Havertz,Ilkay Gundogan,Joshua Kimmich,Paul Pogba,Paul Pogba,N\'Golo Kante,Benjamin Pavard,', 7, 1, 2, 1),
(118, '0-7', 'Dávid Sigér,Ákos Kecskés,Ákos Kecskés,Dávid Sigér,Ákos Kecskés,Roland Sallai,László Kleinheisler,', 7, 1, 3, 1),
(119, '3-3', 'Roland Sallai,Dominik Szoboszlai,Dávid Sigér,Jorginho,Nicolo Barella,Marco Verratti,', 6, 3, 4, 1),
(120, '3-3', 'Ilkay Gundogan,Ilkay Gundogan,Kai Havertz,Adrien Rabiot,N\'Golo Kante,N\'Golo Kante,', 6, 1, 2, 1),
(121, '4-4', 'Antonio Rudiger,Matthias Ginter,Robin Gosens,Matthias Ginter,Dominik Szoboszlai,Dávid Sigér,Attila Fiola,Ákos Kecskés,', 8, 1, 3, 1),
(122, '3-0', 'Antonio Rudiger,Joshua Kimmich,Kai Havertz,', 3, 1, 3, 1),
(123, '2-6', 'Toni Kroos,Matthias Ginter,Raphael Varane,Lucas Hernandez,Adrien Rabiot,Adrien Rabiot,Paul Pogba,Adrien Rabiot,', 8, 1, 2, 1),
(124, '4-2', 'Ádám Szalai,Roland Sallai,Dominik Szoboszlai,Ádám Szalai,Toni Kroos,Antonio Rudiger,', 6, 3, 1, 1),
(125, '2-2', 'Kai Havertz,Kai Havertz,Marco Verratti,Leonardo Bonucci,', 4, 1, 4, 1),
(126, '1-1', 'László Kleinheisler,Toni Kroos,', 2, 3, 1, 1),
(127, '0-4', 'Robin Gosens,Toni Kroos,Robin Gosens,Joshua Kimmich,', 4, 4, 1, 1),
(128, '2-3', 'Ádám Szalai,Dávid Sigér,Jorginho,Nicolo Barella,Giovanni Di Lorenzo,', 5, 3, 4, 1),
(129, '0-0', '', 0, 3, 2, 0),
(130, '3-1', 'Toni Kroos,Kai Havertz,Kai Havertz,Jorginho,', 4, 1, 4, 1),
(131, '1-1', 'Raphael Varane,Giorgio Chiellini,', 2, 2, 4, 1),
(132, '3-2', 'Paul Pogba,Adrien Rabiot,Paul Pogba,Nicolo Barella,Nicolo Barella,', 5, 2, 4, 1),
(133, '6-0', 'Ádám Szalai,Dominik Szoboszlai,Ádám Szalai,Endre Botka,Attila Fiola,Ádám Szalai,', 6, 3, 1, 1),
(134, '0-1', 'Nicolo Barella,', 1, 2, 4, 1),
(135, '4-0', 'N\'Golo Kante,N\'Golo Kante,Paul Pogba,N\'Golo Kante,', 4, 2, 4, 1),
(136, '0-0', '', 0, 2, 4, 1),
(137, '1-1', 'Nicolo Barella,Dominik Szoboszlai,', 2, 4, 3, 1),
(138, '4-4', 'Benjamin Pavard,Benjamin Pavard,Benjamin Pavard,Presnel Kimpembe,Toni Kroos,Kai Havertz,Ilkay Gundogan,Toni Kroos,', 8, 2, 1, 1),
(139, '0-7', 'Paul Pogba,Adrien Rabiot,Lucas Hernandez,Paul Pogba,Benjamin Pavard,Presnel Kimpembe,N\'Golo Kante,', 7, 4, 2, 1),
(140, '0-1', 'Paul Pogba,', 1, 1, 2, 1),
(141, '0-2', 'Jorginho,Leonardo Bonucci,', 2, 2, 4, 1),
(142, '3-1', 'Roland Sallai,Dávid Sigér,Dominik Szoboszlai,Ilkay Gundogan,', 4, 3, 1, 1),
(143, '5-0', 'Paul Pogba,N\'Golo Kante,Adrien Rabiot,Benjamin Pavard,N\'Golo Kante,', 5, 2, 3, 1),
(144, '1-1', 'Roland Sallai,Paul Pogba,', 2, 3, 2, 1),
(145, '2-1', 'N\'Golo Kante,Raphael Varane,Robin Gosens,', 3, 2, 1, 1),
(146, '6-2', 'Paul Pogba,Paul Pogba,Raphael Varane,Lucas Hernandez,N\'Golo Kante,N\'Golo Kante,Roland Sallai,Dávid Sigér,', 8, 2, 3, 1),
(147, '7-0', 'Emerson Palmieri,Marco Verratti,Marco Verratti,Jorginho,Emerson Palmieri,Giorgio Chiellini,Nicolo Barella,', 7, 4, 1, 1),
(148, '4-4', 'Antonio Rudiger,Antonio Rudiger,Robin Gosens,Toni Kroos,Paul Pogba,Adrien Rabiot,Lucas Hernandez,N\'Golo Kante,', 8, 1, 2, 1),
(149, '2-2', 'Adrien Rabiot,Lucas Hernandez,Jorginho,Nicolo Barella,', 4, 2, 4, 1),
(150, '1-4', 'Ilkay Gundogan,Giovanni Di Lorenzo,Jorginho,Nicolo Barella,Jorginho,', 5, 1, 4, 1),
(151, '2-4', 'Matthias Ginter,Toni Kroos,Raphael Varane,N\'Golo Kante,Adrien Rabiot,Raphael Varane,', 6, 1, 2, 1),
(152, '4-4', 'Dávid Sigér,Dávid Sigér,Roland Sallai,Roland Sallai,Lucas Hernandez,Paul Pogba,N\'Golo Kante,Adrien Rabiot,', 8, 3, 2, 1),
(153, '0-2', 'Adrien Rabiot,Paul Pogba,', 2, 4, 2, 1),
(154, '1-0', 'Willi Orbán,', 1, 3, 2, 1),
(155, '3-2', 'Toni Kroos,Kai Havertz,Matthias Ginter,Giovanni Di Lorenzo,Emerson Palmieri,', 5, 1, 4, 1),
(156, '0-8', 'Dominik Szoboszlai,Ádám Szalai,Ádám Szalai,Dominik Szoboszlai,Dávid Sigér,Ádám Szalai,Ádám Szalai,Roland Sallai,', 8, 2, 3, 1),
(157, '3-0', 'Marco Verratti,Giorgio Chiellini,Marco Verratti,', 3, 4, 1, 1),
(158, '2-3', 'Jorginho,Nicolo Barella,László Kleinheisler,Endre Botka,Ádám Szalai,', 5, 4, 3, 1),
(159, '2-0', 'Giorgio Chiellini,Nicolo Barella,', 2, 4, 2, 1),
(160, '3-3', 'Toni Kroos,Kai Havertz,Matthias Ginter,Giorgio Chiellini,Marco Verratti,Giovanni Di Lorenzo,', 6, 1, 4, 1),
(161, '0-1', 'Nicolo Barella,', 1, 1, 4, 1),
(162, '0-2', 'Giorgio Chiellini,Jorginho,', 2, 2, 4, 1),
(163, '0-8', 'Jorginho,Jorginho,Nicolo Barella,Nicolo Barella,Emerson Palmieri,Leonardo Bonucci,Jorginho,Marco Verratti,', 8, 2, 4, 1),
(164, '0-1', 'Marco Verratti,', 1, 1, 4, 1),
(165, '3-2', 'Marco Verratti,Jorginho,Giovanni Di Lorenzo,N\'Golo Kante,Paul Pogba,', 5, 4, 2, 1),
(166, '0-5', 'Toni Kroos,Joshua Kimmich,Kai Havertz,Ilkay Gundogan,Robin Gosens,', 5, 2, 1, 1),
(167, '2-5', 'N\'Golo Kante,Paul Pogba,Dominik Szoboszlai,Roland Sallai,Ádám Szalai,Ádám Szalai,Ákos Kecskés,', 7, 2, 3, 1),
(168, '3-5', 'Paul Pogba,Presnel Kimpembe,Paul Pogba,Sander Berge,Patrick Berg,Alexander Sørloth,Martin Ødegaard,Marcus Pedersen,', 8, 2, 17, 1),
(169, '8-0', 'Kalvin Phillips,Bukayo Saka,Jack Grealish,Kalvin Phillips,Luke Shaw,John Stones,Kalvin Phillips,Harry Maguire,', 8, 6, 18, 1),
(170, '0-5', 'Alexander Sørloth,Martin Ødegaard,Alexander Sørloth,Leo Østigård,Alexander Sørloth,', 5, 14, 17, 1),
(171, '1-2', 'Sander Berge,Nicolo Barella,Marco Verratti,', 3, 17, 4, 1),
(172, '0-0', '', 0, 1, 4, 1),
(173, '2-0', 'Tomáš Čvančara,Alex Král,', 2, 16, 17, 1),
(174, '2-2', 'Fredrik Aursnes,Sander Berge,Harry Kane,Harry Kane,', 4, 17, 6, 1),
(175, '1-1', 'Dejan Kulusevski,Dani Olmo,', 2, 14, 7, 1),
(176, '0-1', 'N\'Golo Kante,', 1, 6, 2, 1),
(177, '3-3', 'Amadou Onana,Yannick Carrasco,Romelu Lukaku,Nacho Fernández,Mikel Merino,Álvaro Morata,', 6, 5, 7, 1),
(178, '1-0', 'Mikkel Damsgaard,', 1, 10, 4, 1),
(179, '1-1', 'Robert Lewandowski,Sander Berge,', 2, 15, 17, 1),
(180, '0-2', 'Nicolo Barella,Marco Verratti,', 2, 18, 4, 1),
(181, '2-0', 'Roland Sallai,Dominik Szoboszlai,', 2, 3, 16, 1),
(182, '1-1', 'Rasmus Winther Højlund,Matthias Ginter,', 2, 10, 1, 1),
(183, '1-2', 'Nicolo Barella,Paul Pogba,Benjamin Pavard,', 3, 4, 2, 1),
(184, '0-2', 'Dejan Kulusevski,Alexander Isak,', 2, 15, 14, 1),
(185, '1-1', 'Rasmus Winther Højlund,Robert Lewandowski,', 2, 10, 15, 1),
(186, '2-4', 'Kenneth Taylor,Steven Berghuis,Jan Kuchta,Vladimír Coufal,Adam Hložek,Tomáš Čvančara,', 6, 8, 16, 1),
(187, '1-0', 'Bukayo Saka,', 1, 6, 20, 1),
(188, '0-2', 'Presnel Kimpembe,Benjamin Pavard,', 2, 5, 2, 1),
(189, '5-3', 'Harry Kane,Jack Grealish,Jack Grealish,Kyle Walker,Harry Kane,Borna Barišić,Andrej Kramarić,Andrej Kramarić,', 8, 6, 11, 1),
(190, '8-0', 'Alexander Sørloth,Patrick Berg,Sander Berge,Mohamed Elyounoussi,Alexander Sørloth,Fredrik Aursnes,Marcus Pedersen,Birger Meling,', 8, 17, 1, 1),
(191, '2-1', 'Yannick Carrasco,Yannick Carrasco,Matthias Ginter,', 3, 5, 1, 1),
(192, '5-1', 'Daniel Carvajal,Dani Olmo,Mikel Merino,Alejandro Baldé,Álvaro Morata,Mario Pašalić,', 6, 7, 11, 1),
(193, '0-2', 'Dušan Tadić,Sergej Milinković-Savić,', 2, 8, 13, 1),
(194, '2-2', 'Borna Barišić,Andrej Kramarić,Adrien Rabiot,Paul Pogba,', 4, 11, 2, 1),
(195, '1-1', 'Dodi Lukebakio,Bukayo Saka,', 2, 5, 6, 1),
(196, '4-2', 'Joakim Mæhle,Christian Nørgaard,Rasmus Winther Højlund,Mikkel Damsgaard,Cristiano Ronaldo,João Félix,', 6, 10, 9, 1),
(197, '2-0', 'Christoph Baumgartner,Nicolas Seiwald,', 2, 19, 4, 1),
(198, '1-3', 'Kerem Aktürkoğlu,Dušan Tadić,Sergej Milinković-Savić,Marko Grujić,', 4, 18, 13, 1),
(199, '2-1', 'Kenneth Taylor,Steven Berghuis,Sergej Milinković-Savić,', 3, 8, 13, 1),
(200, '4-4', 'Jorginho,Nicolo Barella,Nicolo Barella,Emerson Palmieri,Mohamed Elyounoussi,Alexander Sørloth,Alexander Sørloth,Fredrik Aursnes,', 8, 4, 17, 1),
(201, '0-1', 'João Cancelo,', 1, 12, 9, 1),
(202, '3-2', 'Nacho Fernández,Gavi,Alejandro Baldé,João Félix,Rafael Leão,', 5, 7, 9, 1),
(203, '2-0', 'Aleksandar Mitrović,Filip Đuričić,', 2, 13, 19, 1),
(204, '1-7', 'Roman Yaremchuk,Mikkel Damsgaard,Alexander Bah,Victor Nelsson,Jonas Wind,Pierre-Emile Højbjerg,Simon Kjær,Christian Nørgaard,', 8, 20, 10, 1),
(205, '1-0', 'Denis Zakaria,', 1, 12, 5, 1),
(206, '0-0', '', 0, 6, 19, 1),
(207, '2-4', 'Marco Verratti,Giovanni Di Lorenzo,Ivan Ilić,Filip Đuričić,Dušan Tadić,Nemanja Gudelj,', 6, 4, 13, 1),
(208, '1-6', 'Sebastian Szymański,Ruben Vargas,Granit Xhaka,Ruben Vargas,Zeki Amdouni,Zeki Amdouni,Ruben Vargas,', 7, 15, 12, 1),
(209, '2-0', 'Dani Olmo,Dani Olmo,', 2, 7, 12, 1),
(210, '5-3', 'Kerem Aktürkoğlu,Kerem Aktürkoğlu,Ferdi Kadıoğlu,Orkun Kökçü,Hakan Çalhanoğlu,Jan Kuchta,Ladislav Krejčí,Tomáš Čvančara,', 8, 18, 16, 1),
(211, '2-3', 'Bukayo Saka,John Stones,N\'Golo Kante,Benjamin Pavard,Paul Pogba,', 5, 6, 2, 1),
(212, '1-5', 'Dodi Lukebakio,Pierre-Emile Højbjerg,Victor Nelsson,Jonas Wind,Rasmus Winther Højlund,Simon Kjær,', 6, 5, 10, 1),
(213, '2-0', 'Pierre-Emile Højbjerg,Mikkel Damsgaard,', 2, 10, 17, 1),
(214, '2-1', 'Sergej Milinković-Savić,Dušan Tadić,Jan Kuchta,', 3, 13, 16, 1),
(215, '3-5', 'Ruslan Malinovskyi,Mykhaylo Mudryk,Ruslan Malinovskyi,Sander Berge,Marcus Pedersen,Mohamed Elyounoussi,Martin Ødegaard,Alexander Sørloth,', 8, 20, 17, 1),
(216, '0-4', 'Raphael Varane,N\'Golo Kante,Adrien Rabiot,N\'Golo Kante,', 4, 8, 2, 1),
(217, '0-7', 'Ruslan Malinovskyi,Mykhaylo Mudryk,Mykola Matviyenko,Ruslan Malinovskyi,Ruslan Malinovskyi,Roman Yaremchuk,Mykola Matviyenko,', 7, 3, 20, 1),
(218, '1-6', 'Tomáš Souček,Hakan Çalhanoğlu,Salih Özcan,Orkun Kökçü,Kerem Aktürkoğlu,Enes Ünal,Ferdi Kadıoğlu,', 7, 16, 18, 1),
(219, '1-2', 'Simon Kjær,João Palhinha,Bruno Fernandes,', 3, 10, 9, 1),
(220, '8-0', 'Benjamin Pavard,Benjamin Pavard,Presnel Kimpembe,Presnel Kimpembe,Adrien Rabiot,N\'Golo Kante,Paul Pogba,Presnel Kimpembe,', 8, 2, 3, 1),
(221, '0-0', '', 0, 16, 14, 0),
(222, '0-0', '', 0, 10, 14, 0),
(223, '1-7', 'Cengiz Ünder,Nicolo Barella,Nicolo Barella,Leonardo Bonucci,Leonardo Bonucci,Emerson Palmieri,Emerson Palmieri,Jorginho,', 8, 18, 4, 1),
(224, '0-0', '', 0, 3, 14, 0),
(225, '0-0', '', 0, 12, 6, 0),
(226, '0-6', 'Paul Pogba,Benjamin Pavard,N\'Golo Kante,N\'Golo Kante,N\'Golo Kante,Paul Pogba,', 6, 6, 2, 1),
(227, '0-0', '', 0, 17, 12, 0),
(228, '0-0', '', 0, 20, 9, 0),
(229, '0-0', '', 0, 13, 18, 0),
(230, '0-0', '', 0, 4, 14, 0),
(231, '0-0', '', 0, 3, 4, 0),
(232, '0-0', '', 0, 17, 15, 0),
(233, '0-0', '', 0, 8, 10, 0),
(234, '0-0', '', 0, 15, 6, 0),
(235, '0-0', '', 0, 17, 5, 0),
(236, '0-0', '', 0, 17, 9, 0),
(237, '0-0', '', 0, 13, 16, 0),
(238, '0-0', '', 0, 5, 16, 0),
(239, '0-1', 'Sebastian Szymański,', 1, 1, 15, 1),
(240, '1-1', 'N\'Golo Kante,Alexander Isak,', 2, 2, 14, 1),
(241, '0-2', 'Roman Yaremchuk,Oleksandr Svatok,', 2, 17, 20, 1),
(242, '0-2', 'Mikel Merino,Gavi,', 2, 1, 7, 1),
(243, '1-0', 'Samuel Gustafson,', 1, 14, 18, 1),
(244, '1-1', 'Xavi Simons,Cengiz Ünder,', 2, 8, 18, 1),
(245, '0-4', 'Álvaro Morata,Gavi,Gavi,Rodri,', 4, 4, 7, 1),
(246, '0-1', 'Emerson Palmieri,', 1, 10, 4, 1),
(247, '1-1', 'Dodi Lukebakio,Ruben Vargas,', 2, 5, 12, 1),
(248, '0-0', '', 0, 9, 6, 1),
(249, '1-3', 'Giorgio Chiellini,Cristiano Ronaldo,Rafael Leão,Rafael Leão,', 4, 4, 9, 1),
(250, '1-0', 'Granit Xhaka,', 1, 12, 15, 1),
(251, '3-0', 'N\'Golo Kante,Lucas Hernandez,N\'Golo Kante,', 3, 2, 6, 1),
(252, '0-2', 'Alexander Isak,Samuel Gustafson,', 2, 4, 14, 1),
(253, '0-1', 'Jonas Wind,', 1, 13, 10, 1),
(254, '1-0', 'Denis Zakaria,', 1, 12, 8, 1),
(255, '1-1', 'Mathias Jensen,Iago Aspas,', 2, 10, 7, 1),
(256, '2-2', 'Sebastian Szymański,Robert Lewandowski,Andrej Kramarić,Andrej Kramarić,', 4, 15, 11, 1),
(257, '0-2', 'Orel Mangala,Romelu Lukaku,', 2, 10, 5, 1),
(258, '2-0', 'Martin Ødegaard,Patrick Berg,', 2, 17, 13, 1),
(259, '0-4', 'Ádám Szalai,Dominik Szoboszlai,Dominik Szoboszlai,Roland Sallai,', 4, 17, 3, 1),
(260, '1-0', 'Christoph Baumgartner,', 1, 19, 18, 1),
(261, '2-2', 'Romelu Lukaku,Arthur Theate,Dani Olmo,Aymeric Laporte,', 4, 5, 7, 1),
(262, '1-2', 'Nemanja Gudelj,Adrien Rabiot,Paul Pogba,', 3, 13, 2, 1),
(263, '2-2', 'Michał Karbownik,Robert Lewandowski,Marcelo Brozović,Luka Modrić,', 4, 15, 11, 1),
(264, '1-0', 'Raphael Varane,', 1, 2, 11, 1),
(265, '0-3', 'Sergej Milinković-Savić,Nemanja Gudelj,Ivan Ilić,', 3, 1, 13, 1),
(266, '0-0', '', 0, 12, 8, 1),
(267, '1-1', 'Luka Modrić,Romelu Lukaku,', 2, 11, 5, 1),
(268, '1-0', 'Sander Berge,', 1, 17, 15, 1),
(269, '0-2', 'Jakub Kiwior,Sebastian Szymański,', 2, 17, 15, 1),
(270, '1-1', 'László Kleinheisler,Zeki Çelik,', 2, 3, 18, 1),
(271, '1-0', 'Benjamin Pavard,', 1, 2, 4, 1),
(272, '0-2', 'Karol Linetty,Michał Karbownik,', 2, 7, 15, 1),
(273, '1-0', 'Karol Linetty,', 1, 15, 6, 1),
(274, '2-0', 'Iago Aspas,Gavi,', 2, 7, 17, 1),
(275, '1-0', 'Mathias Jensen,', 1, 10, 6, 1),
(276, '0-4', 'Rafael Leão,João Félix,Rúben Dias,João Félix,', 4, 5, 9, 1),
(277, '2-0', 'Cédric Itten,Manuel Akanji,', 2, 12, 5, 1),
(278, '1-0', 'Remo Freuler,', 1, 12, 11, 1),
(279, '2-0', 'Mario Pašalić,Luka Modrić,', 2, 11, 8, 1),
(280, '0-0', '', 0, 1, 12, 1),
(281, '1-2', 'Hakan Çalhanoğlu,Ilkay Gundogan,Kai Havertz,', 3, 18, 1, 1),
(282, '0-1', 'Ruben Vargas,', 1, 14, 12, 1),
(283, '0-3', 'Dani Olmo,Álvaro Morata,Dani Olmo,', 3, 14, 7, 1),
(284, '1-2', 'Marcelo Brozović,Adrien Rabiot,Adrien Rabiot,', 3, 11, 2, 1),
(285, '3-2', 'Borna Barišić,Andrej Kramarić,Luka Modrić,Dávid Sigér,Roland Sallai,', 5, 11, 3, 1),
(286, '4-0', 'Robert Lewandowski,Robert Lewandowski,Piotr Zieliński,Jakub Kiwior,', 4, 15, 9, 1),
(287, '3-0', 'Sebastian Szymański,Sebastian Szymański,Przemysław Frankowski,', 3, 15, 6, 1),
(288, '0-1', 'Gavi,', 1, 9, 7, 1),
(289, '3-1', 'Lutsharel Geertruida,Steven Berghuis,Lutsharel Geertruida,Harry Maguire,', 4, 8, 6, 1),
(290, '2-0', 'Alexander Sørloth,Sander Berge,', 2, 17, 18, 1),
(291, '2-2', 'Timothy Castagne,Romelu Lukaku,Dominik Szoboszlai,Roland Sallai,', 4, 5, 3, 1),
(292, '1-0', 'Lucas Hernandez,', 1, 2, 6, 1),
(293, '4-0', 'Marcelo Brozović,Josip Šutalo,Josip Šutalo,Marcelo Brozović,', 4, 11, 6, 1),
(294, '0-1', 'Sebastian Szymański,', 1, 16, 15, 1),
(295, '3-1', 'Marcelo Brozović,Mario Pašalić,Luka Modrić,Mikel Merino,', 4, 11, 7, 1),
(296, '1-3', 'Roland Sallai,João Palhinha,João Félix,Rafael Leão,', 4, 3, 9, 1),
(297, '3-0', 'Samuel Gustafson,Mattias Svanberg,Mattias Svanberg,', 3, 14, 6, 1),
(298, '0-2', 'Sebastian Szymański,Piotr Zieliński,', 2, 16, 15, 1),
(299, '1-3', 'Simon Kjær,Vladimír Coufal,Jan Kuchta,Tomáš Čvančara,', 4, 10, 16, 1),
(300, '4-0', 'Nathan Aké,Xavi Simons,Xavi Simons,Memphis Depay,', 4, 8, 16, 1),
(301, '0-6', 'Mateo Kovačić,Mario Pašalić,Andrej Kramarić,Mario Pašalić,Mario Pašalić,Borna Barišić,', 6, 18, 11, 1),
(302, '1-3', 'Tomáš Souček,Toni Kroos,Toni Kroos,Kai Havertz,', 4, 16, 1, 1),
(303, '2-0', 'Adam Hložek,Vladimír Coufal,', 2, 16, 13, 1),
(304, '1-0', 'Christoph Baumgartner,', 1, 19, 8, 1),
(305, '0-0', '', 0, 1, 9, 1),
(306, '2-0', 'Sander Berge,Alexander Sørloth,', 2, 17, 10, 1),
(307, '0-1', 'Raphael Varane,', 1, 20, 2, 1),
(308, '0-3', 'Marko Grujić,Marko Grujić,Sergej Milinković-Savić,', 3, 10, 13, 1),
(309, '1-0', 'N\'Golo Kante,', 1, 2, 5, 1),
(310, '1-1', 'Romelu Lukaku,Adrien Rabiot,', 2, 5, 2, 1),
(311, '0-4', 'Mikkel Damsgaard,Victor Nelsson,Mathias Jensen,Victor Nelsson,', 4, 5, 10, 1),
(312, '4-0', 'Jurriën Timber,Memphis Depay,Kenneth Taylor,Xavi Simons,', 4, 8, 1, 1),
(313, '2-1', 'Mykhaylo Mudryk,Ruslan Malinovskyi,Kai Havertz,', 3, 20, 1, 1),
(314, '0-0', '', 0, 3, 18, 0),
(315, '0-1', 'Sander Berge,', 1, 13, 17, 1),
(316, '1-1', 'Cristiano Ronaldo,Sergej Milinković-Savić,', 2, 9, 13, 1),
(317, '0-2', 'Mattias Svanberg,Samuel Gustafson,', 2, 7, 14, 1),
(318, '2-0', 'Georginio Wijnaldum,Steven Berghuis,', 2, 8, 6, 1),
(319, '0-0', '', 0, 11, 15, 1),
(320, '2-0', 'Christoph Baumgartner,Maximilian Wöber,', 2, 19, 10, 1),
(321, '1-3', 'Kai Havertz,Bruno Fernandes,Cristiano Ronaldo,Rafael Leão,', 4, 1, 9, 1),
(322, '0-2', 'Cédric Itten,Ruben Vargas,', 2, 18, 12, 1),
(323, '1-3', 'Álvaro Morata,Jack Grealish,Bukayo Saka,Harry Kane,', 4, 7, 6, 1),
(324, '1-1', 'Bernardo Silva,Mateo Kovačić,', 2, 9, 11, 1),
(325, '2-0', 'Adam Hložek,Tomáš Čvančara,', 2, 16, 12, 1),
(326, '1-3', 'Antonio Rudiger,Ruslan Malinovskyi,Oleksandr Karavayev,Taras Stepanenko,', 4, 1, 20, 1),
(327, '2-0', 'Marcel Sabitzer,Christoph Baumgartner,', 2, 19, 11, 1),
(328, '0-4', 'Benjamin Pavard,Adrien Rabiot,Adrien Rabiot,Lucas Hernandez,', 4, 5, 2, 1),
(329, '0-0', '', 0, 15, 1, 1),
(330, '2-0', 'Tomáš Čvančara,Adam Hložek,', 2, 16, 12, 1),
(331, '0-1', 'Luka Modrić,', 1, 14, 11, 1),
(332, '1-2', 'Mykhaylo Mudryk,Lucas Hernandez,Paul Pogba,', 3, 20, 2, 1),
(333, '1-0', 'Gavi,', 1, 7, 2, 1),
(334, '1-0', 'Nathan Aké,', 1, 8, 17, 1),
(335, '0-0', '', 0, 7, 5, 1),
(336, '2-0', 'Victor Lindelöf,Linus Wahlqvist,', 2, 14, 19, 1),
(337, '0-2', 'Fredrik Aursnes,Mohamed Elyounoussi,', 2, 2, 17, 1),
(338, '1-1', 'N\'Golo Kante,Fredrik Aursnes,', 2, 2, 17, 1),
(339, '2-0', 'Christoph Baumgartner,Christoph Baumgartner,', 2, 19, 11, 1),
(340, '0-2', 'Marten de Roon,Kenneth Taylor,', 2, 9, 8, 1),
(341, '4-0', 'João Félix,Cristiano Ronaldo,Rafael Leão,Cristiano Ronaldo,', 4, 9, 1, 1),
(342, '0-0', '', 0, 2, 10, 1),
(343, '2-0', 'Christoph Baumgartner,Patrick Wimmer,', 2, 19, 11, 1),
(344, '0-1', 'Mohamed Elyounoussi,', 1, 20, 17, 1),
(345, '0-0', '', 0, 4, 15, 1),
(346, '0-2', 'Alexander Sørloth,Marcus Pedersen,', 2, 3, 17, 1),
(347, '1-1', 'Presnel Kimpembe,Tomáš Čvančara,', 2, 2, 16, 1),
(348, '2-0', 'Mattias Svanberg,Samuel Gustafson,', 2, 14, 12, 1),
(349, '0-1', 'Marco Verratti,', 1, 19, 4, 1),
(350, '2-0', 'Leonardo Bonucci,Jorginho,', 2, 4, 5, 1),
(351, '1-0', 'Iago Aspas,', 1, 7, 18, 1),
(352, '0-1', 'Orkun Kökçü,', 1, 12, 18, 1),
(353, '0-1', 'Ruben Vargas,', 1, 14, 12, 1),
(354, '0-0', '', 0, 10, 6, 1),
(355, '0-0', '', 0, 14, 11, 1),
(356, '0-0', '', 0, 17, 5, 1),
(357, '0-4', 'Ivan Perišić,Ivan Perišić,Mateo Kovačić,Joško Gvardiol,', 4, 5, 11, 1),
(358, '0-6', 'Roman Yaremchuk,Oleksandr Karavayev,Taras Stepanenko,Taras Stepanenko,Roman Yaremchuk,Taras Stepanenko,', 6, 6, 20, 1),
(359, '0-1', 'Ilkay Gundogan,', 1, 8, 1, 1),
(360, '0-1', 'Rasmus Winther Højlund,', 1, 2, 10, 1),
(361, '0-2', 'Mattias Svanberg,Samuel Gustafson,', 2, 16, 14, 1),
(362, '0-2', 'Ricardo Rodríguez,Denis Zakaria,', 2, 10, 12, 1),
(363, '0-3', 'Mario Pašalić,Borna Barišić,Marcelo Brozović,', 3, 18, 11, 1),
(364, '1-0', 'Sebastian Szymański,', 1, 15, 3, 1),
(365, '0-2', 'Birger Meling,Birger Meling,', 2, 1, 17, 1),
(366, '0-0', '', 0, 2, 15, 1),
(367, '2-0', 'Matthias Ginter,Kai Havertz,', 2, 1, 19, 1),
(368, '3-1', 'Mykhaylo Mudryk,Roman Yaremchuk,Roman Yaremchuk,Andrej Kramarić,', 4, 20, 11, 1),
(369, '0-0', '', 0, 14, 4, 1),
(370, '1-1', 'Kalvin Phillips,Memphis Depay,', 2, 6, 8, 1),
(371, '1-0', 'Ivan Perišić,', 1, 11, 5, 1),
(372, '1-1', 'Przemysław Frankowski,Sander Berge,', 2, 15, 17, 1),
(373, '0-1', 'Emerson Palmieri,', 1, 10, 4, 1),
(374, '0-2', 'Jude Bellingham,Bukayo Saka,', 2, 11, 6, 1),
(375, '1-0', 'Vitaliy Mykolenko,', 1, 20, 18, 1),
(376, '1-0', 'Xavi Simons,', 1, 8, 3, 1),
(377, '2-0', 'Memphis Depay,Steven Berghuis,', 2, 8, 14, 1),
(378, '2-0', 'Alex Král,Tomáš Čvančara,', 2, 16, 1, 1),
(379, '0-3', 'Cristiano Ronaldo,Cristiano Ronaldo,Rúben Dias,', 3, 16, 9, 1),
(380, '1-0', 'Patrick Berg,', 1, 17, 18, 1),
(381, '1-1', 'Gernot Trauner,Ruslan Malinovskyi,', 2, 19, 20, 1),
(382, '0-1', 'John Stones,', 1, 7, 6, 1),
(383, '1-3', 'Yannick Carrasco,Samuel Gustafson,Dejan Kulusevski,Dejan Kulusevski,', 4, 5, 14, 1),
(384, '0-2', 'Harry Kane,Kyle Walker,', 2, 1, 6, 1),
(385, '0-2', 'Alexander Sørloth,Martin Ødegaard,', 2, 16, 17, 1),
(386, '2-0', 'Xavi Simons,Memphis Depay,', 2, 8, 19, 1),
(387, '0-3', 'Harry Maguire,Bukayo Saka,Bukayo Saka,', 3, 18, 6, 1),
(388, '0-2', 'Jorginho,Nicolo Barella,', 2, 20, 4, 1),
(389, '0-3', 'Mykhaylo Mudryk,Mykhaylo Mudryk,Oleksandr Karavayev,', 3, 5, 20, 1),
(390, '2-0', 'Mathias Jensen,Christian Nørgaard,', 2, 10, 13, 1),
(391, '2-0', 'Ivan Perišić,Ivan Perišić,', 2, 11, 5, 1),
(392, '1-0', 'Alexander Bah,', 1, 10, 1, 1),
(393, '4-0', 'Robert Lewandowski,Robert Lewandowski,Przemysław Frankowski,Karol Linetty,', 4, 15, 11, 1),
(394, '3-0', 'Nemanja Gudelj,Aleksandar Mitrović,Dušan Tadić,', 3, 13, 11, 1),
(395, '2-0', 'Memphis Depay,Memphis Depay,', 2, 8, 18, 1),
(396, '0-2', 'Rasmus Winther Højlund,Simon Kjær,', 2, 4, 10, 1),
(397, '0-1', 'Leo Østigård,', 1, 19, 17, 1),
(398, '2-1', 'Ferdi Kadıoğlu,Hakan Çalhanoğlu,N\'Golo Kante,', 3, 18, 2, 1),
(399, '0-0', '', 0, 10, 14, 1),
(400, '0-2', 'Alexander Isak,Alexander Isak,', 2, 12, 14, 1),
(401, '3-1', 'Taras Stepanenko,Ruslan Malinovskyi,Ruslan Malinovskyi,Tomáš Holeš,', 4, 20, 16, 1),
(402, '1-0', 'Dejan Kulusevski,', 1, 14, 18, 1),
(403, '0-1', 'Dejan Kulusevski,', 1, 3, 14, 1),
(404, '1-3', 'Yannick Carrasco,Simon Kjær,Simon Kjær,Mikkel Damsgaard,', 4, 5, 10, 1),
(405, '0-2', 'Silvan Widmer,Manuel Akanji,', 2, 4, 12, 1),
(406, '2-2', 'Kenneth Taylor,Xavi Simons,Dominik Szoboszlai,Roland Sallai,', 4, 8, 3, 1),
(407, '1-0', 'Rafael Leão,', 1, 9, 15, 1),
(408, '1-1', 'Mario Pašalić,Fredrik Aursnes,', 2, 11, 17, 1),
(409, '0-1', 'Marcus Pedersen,', 1, 7, 17, 1),
(410, '0-0', '', 0, 9, 20, 1),
(411, '0-0', '', 0, 2, 7, 1),
(412, '0-2', 'Nicolo Barella,Jorginho,', 2, 2, 4, 1),
(413, '0-0', '', 0, 3, 8, 1),
(414, '0-1', 'Marco Verratti,', 1, 7, 4, 1),
(415, '0-0', '', 0, 9, 4, 1),
(416, '0-1', 'Martin Ødegaard,', 1, 12, 17, 1),
(417, '0-1', 'Ricardo Rodríguez,', 1, 7, 12, 1),
(418, '1-0', 'Leonardo Bonucci,', 1, 4, 13, 1),
(419, '1-1', 'Ruben Vargas,Declan Rice,', 2, 12, 6, 1),
(420, '1-1', 'Adrien Rabiot,Martin Ødegaard,', 2, 2, 17, 1),
(421, '0-1', 'Willi Orbán,', 1, 2, 3, 1),
(422, '2-1', 'Giovanni Di Lorenzo,Jorginho,Roman Yaremchuk,', 3, 4, 20, 1),
(423, '1-1', 'Dodi Lukebakio,Jude Bellingham,', 2, 5, 6, 1),
(424, '0-0', '', 0, 9, 19, 1),
(425, '1-0', 'João Félix,', 1, 9, 13, 1),
(426, '1-1', 'Mikkel Damsgaard,Ruslan Malinovskyi,', 2, 10, 20, 1),
(427, '3-0', 'Dodi Lukebakio,Timothy Castagne,Jan Vertonghen,', 3, 5, 13, 1),
(428, '0-1', 'Dominik Szoboszlai,', 1, 16, 3, 1),
(429, '0-0', '', 0, 15, 11, 1),
(430, '0-0', '', 0, 15, 20, 1),
(431, '1-0', 'Roland Sallai,', 1, 3, 9, 1),
(432, '2-0', 'Alexander Sørloth,Mohamed Elyounoussi,', 2, 17, 15, 1),
(433, '0-1', 'Sergej Milinković-Savić,', 1, 15, 13, 1),
(434, '1-1', 'Dejan Kulusevski,Konrad Laimer,', 2, 14, 19, 1),
(435, '2-0', 'Mario Pašalić,Ivan Perišić,', 2, 11, 20, 1),
(436, '2-0', 'Fredrik Aursnes,Patrick Berg,', 2, 17, 18, 1),
(437, '1-0', 'Gavi,', 1, 7, 3, 1),
(438, '2-0', 'Jorginho,Leonardo Bonucci,', 2, 4, 15, 1),
(439, '0-2', 'Simon Kjær,Mathias Jensen,', 2, 16, 10, 1),
(440, '1-1', 'Jorginho,Ruslan Malinovskyi,', 2, 4, 20, 1),
(441, '1-2', 'Steven Berghuis,João Félix,Cristiano Ronaldo,', 3, 8, 9, 1),
(442, '4-0', 'Çağlar Söyüncü,Ferdi Kadıoğlu,Enes Ünal,Enes Ünal,', 4, 18, 2, 1),
(443, '1-1', 'Emerson Palmieri,Timothy Castagne,', 2, 4, 5, 1),
(444, '2-0', 'Cédric Itten,Ruben Vargas,', 2, 12, 3, 1),
(445, '0-2', 'Georginio Wijnaldum,Xavi Simons,', 2, 15, 8, 1),
(446, '1-1', 'Cédric Itten,Dodi Lukebakio,', 2, 12, 5, 1),
(447, '0-2', 'Maximilian Wöber,Christoph Baumgartner,', 2, 10, 19, 1),
(448, '0-2', 'Mohamed Elyounoussi,Mohamed Elyounoussi,', 2, 16, 17, 1),
(449, '2-0', 'Marko Grujić,Aleksandar Mitrović,', 2, 13, 9, 1),
(450, '2-0', 'Adrien Rabiot,Presnel Kimpembe,', 2, 2, 16, 1),
(451, '0-2', 'John Stones,Harry Kane,', 2, 1, 6, 1),
(452, '1-0', 'Cédric Itten,', 1, 12, 18, 1),
(453, '1-0', 'Bernardo Silva,', 1, 9, 11, 1),
(454, '4-0', 'Granit Xhaka,Manuel Akanji,Ricardo Rodríguez,Zeki Amdouni,', 4, 12, 16, 1),
(455, '0-1', 'Memphis Depay,', 1, 15, 8, 1),
(456, '0-1', 'Hjalmar Ekdal,', 1, 16, 14, 1),
(457, '1-0', 'Zeki Amdouni,', 1, 12, 15, 1),
(458, '2-2', 'Ferdi Kadıoğlu,Kerem Aktürkoğlu,Mathias Jensen,Victor Nelsson,', 4, 18, 10, 1),
(459, '2-0', 'Dejan Kulusevski,Dejan Kulusevski,', 2, 14, 1, 1),
(460, '2-0', 'Marcel Sabitzer,Michael Gregoritsch,', 2, 19, 1, 1),
(461, '1-0', 'László Kleinheisler,', 1, 3, 8, 1),
(462, '0-1', 'Álvaro Morata,', 1, 1, 7, 1),
(463, '1-1', 'Emerson Palmieri,Oleksandr Karavayev,', 2, 4, 20, 1),
(464, '1-0', 'Andrej Kramarić,', 1, 11, 13, 1),
(465, '1-0', 'Andrej Kramarić,', 1, 11, 8, 1),
(466, '1-0', 'Jonas Wind,', 1, 10, 11, 1),
(467, '0-2', 'Bruno Fernandes,Cristiano Ronaldo,', 2, 1, 9, 1),
(468, '0-2', 'Mattias Svanberg,Emil Forsberg,', 2, 5, 14, 1),
(469, '0-2', 'Patrick Berg,Patrick Berg,', 2, 6, 17, 1),
(470, '0-0', '', 0, 3, 9, 1),
(471, '3-1', 'Bukayo Saka,Bukayo Saka,Harry Kane,Benjamin Pavard,', 4, 6, 2, 1),
(472, '0-1', 'Ivan Ilić,', 1, 18, 13, 1),
(473, '0-2', 'Andrej Kramarić,Luka Modrić,', 2, 16, 11, 1),
(474, '0-4', 'Álvaro Morata,Álvaro Morata,Iago Aspas,Aymeric Laporte,', 4, 8, 7, 1),
(475, '0-1', 'Gavi,', 1, 10, 7, 1),
(476, '1-1', 'Salih Özcan,Tomáš Čvančara,', 2, 18, 16, 1),
(477, '2-0', 'Patrick Berg,Alexander Sørloth,', 2, 17, 6, 1),
(478, '0-0', '', 0, 11, 19, 1),
(479, '2-2', 'Steven Berghuis,Memphis Depay,Vladimír Coufal,Ladislav Krejčí,', 4, 8, 16, 1),
(480, '0-1', 'Enes Ünal,', 1, 14, 18, 1),
(481, '1-0', 'Mario Pašalić,', 1, 11, 8, 1),
(482, '2-0', 'Ivan Ilić,Ivan Ilić,', 2, 13, 19, 1),
(483, '2-0', 'Jorginho,Giorgio Chiellini,', 2, 4, 8, 1),
(484, '0-1', 'Iago Aspas,', 1, 14, 7, 1),
(485, '0-0', '', 0, 20, 10, 1),
(486, '1-0', 'Nicolo Barella,', 1, 4, 15, 1),
(487, '0-0', '', 0, 18, 2, 1),
(488, '2-0', 'Kyle Walker,Jack Grealish,', 2, 6, 4, 1),
(489, '1-1', 'Rasmus Winther Højlund,Ivan Ilić,', 2, 10, 13, 1),
(490, '0-1', 'Przemysław Frankowski,', 1, 6, 15, 1),
(491, '0-1', 'Jonas Wind,', 1, 15, 10, 1),
(492, '1-0', 'Remo Freuler,', 1, 12, 10, 1),
(493, '2-0', 'Harry Kane,Kalvin Phillips,', 2, 6, 1, 1),
(494, '1-0', 'Cédric Itten,', 1, 12, 6, 1),
(495, '0-1', 'Strahinja Pavlović,', 1, 1, 13, 1),
(496, '2-1', 'Nicolo Barella,Jorginho,Tomáš Holeš,', 3, 4, 16, 1),
(497, '1-1', 'Marcus Pedersen,Gavi,', 2, 17, 7, 1),
(498, '2-0', 'Dávid Sigér,Dávid Sigér,', 2, 3, 17, 1),
(499, '1-1', 'Bernardo Silva,Pierre-Emile Højbjerg,', 2, 9, 10, 1),
(500, '2-0', 'Samuel Gustafson,Samuel Gustafson,', 2, 14, 8, 1),
(501, '1-1', 'Ruslan Malinovskyi,Salih Özcan,', 2, 20, 18, 1),
(502, '1-1', 'Linus Wahlqvist,Mario Pašalić,', 2, 14, 11, 1),
(503, '0-0', '', 0, 12, 14, 1),
(504, '0-1', 'Steven Berghuis,', 1, 10, 8, 1),
(505, '1-1', 'Andrej Kramarić,Nacho Fernández,', 2, 11, 7, 1),
(506, '0-1', 'Matthias Ginter,', 1, 5, 1, 1),
(507, '0-1', 'Borna Barišić,', 1, 3, 11, 1),
(508, '0-1', 'Stefan Strandberg,', 1, 7, 17, 1),
(509, '2-0', 'Aymeric Laporte,Iago Aspas,', 2, 7, 3, 1),
(510, '2-0', 'Nathan Aké,Georginio Wijnaldum,', 2, 8, 20, 1),
(511, '0-2', 'Mohamed Elyounoussi,Martin Ødegaard,', 2, 10, 17, 1),
(512, '2-0', 'Mario Pašalić,Ivan Perišić,', 2, 11, 4, 1),
(513, '0-2', 'Adam Hložek,Adam Hložek,', 2, 1, 16, 1),
(514, '1-0', 'Jude Bellingham,', 1, 6, 15, 1),
(515, '2-0', 'Jude Bellingham,Bukayo Saka,', 2, 6, 3, 1),
(516, '0-2', 'Robert Lewandowski,Przemysław Frankowski,', 2, 3, 15, 1),
(517, '0-1', 'N\'Golo Kante,', 1, 9, 2, 1),
(518, '2-0', 'Rafael Leão,Bruno Fernandes,', 2, 9, 3, 1),
(519, '0-1', 'Wout Faes,', 1, 6, 5, 1),
(520, '1-1', 'Jorginho,Hakan Çalhanoğlu,', 2, 4, 18, 1),
(521, '0-0', '', 0, 18, 6, 1),
(522, '0-0', '', 0, 5, 8, 1),
(523, '1-1', 'Benjamin Pavard,Samuel Gustafson,', 2, 2, 14, 1),
(524, '1-0', 'Xavi Simons,', 1, 8, 7, 1),
(525, '0-2', 'Adam Hložek,Tomáš Souček,', 2, 19, 16, 1),
(526, '0-1', 'Birger Meling,', 1, 1, 17, 1),
(527, '0-0', '', 0, 1, 18, 1),
(528, '0-2', 'Robert Lewandowski,Karol Linetty,', 2, 5, 15, 1),
(529, '2-0', 'Krystian Bielik,Robert Lewandowski,', 2, 15, 6, 1),
(530, '0-1', 'Sander Berge,', 1, 11, 17, 1),
(531, '1-0', 'Paul Pogba,', 1, 2, 18, 1),
(532, '2-0', 'Ákos Kecskés,Endre Botka,', 2, 3, 1, 1),
(533, '0-2', 'Jorginho,Giorgio Chiellini,', 2, 9, 4, 1),
(534, '1-1', 'Yannick Carrasco,Adam Hložek,', 2, 5, 16, 1),
(535, '0-2', 'Sergej Milinković-Savić,Aleksandar Mitrović,', 2, 19, 13, 1),
(536, '0-1', 'Mario Pašalić,', 1, 16, 11, 1),
(537, '0-2', 'Romelu Lukaku,Dodi Lukebakio,', 2, 11, 5, 1),
(538, '1-0', 'Joško Gvardiol,', 1, 11, 7, 1),
(539, '0-0', '', 0, 4, 18, 1),
(540, '1-0', 'Çağlar Söyüncü,', 1, 18, 13, 1),
(541, '0-2', 'Ivan Perišić,Josip Šutalo,', 2, 2, 11, 1),
(542, '0-0', '', 0, 5, 17, 1),
(543, '2-0', 'Alex Král,Tomáš Čvančara,', 2, 16, 13, 1),
(544, '0-0', '', 0, 1, 3, 1),
(545, '0-2', 'Ilkay Gundogan,Ilkay Gundogan,', 2, 11, 1, 1),
(546, '0-2', 'Orel Mangala,Yannick Carrasco,', 2, 9, 5, 1),
(547, '1-0', 'Christoph Baumgartner,', 1, 19, 9, 1),
(548, '0-0', '', 0, 10, 15, 1),
(549, '0-0', '', 0, 16, 5, 1),
(550, '0-4', 'Benjamin Pavard,Paul Pogba,Benjamin Pavard,Adrien Rabiot,', 4, 17, 2, 1),
(551, '2-0', 'Adrien Rabiot,Adrien Rabiot,', 2, 2, 3, 1),
(552, '1-1', 'Michael Gregoritsch,Sergej Milinković-Savić,', 2, 19, 13, 1),
(553, '1-0', 'Alexander Bah,', 1, 10, 6, 1),
(554, '0-2', 'Christian Nørgaard,Rasmus Winther Højlund,', 2, 4, 10, 1),
(555, '0-1', 'Marco Verratti,', 1, 10, 4, 1),
(556, '0-1', 'Jack Grealish,', 1, 9, 6, 1),
(557, '1-0', 'Bruno Fernandes,', 1, 9, 14, 1),
(558, '0-1', 'Sebastian Szymański,', 1, 17, 15, 1),
(559, '1-1', 'Gavi,Aleksandar Mitrović,', 2, 7, 13, 1),
(560, '0-1', 'Alexander Sørloth,', 1, 20, 17, 1),
(561, '0-1', 'Lucas Hernandez,', 1, 8, 2, 1),
(562, '0-0', '', 0, 19, 13, 1),
(563, '0-1', 'Kalvin Phillips,', 1, 20, 6, 1),
(564, '1-1', 'Zeki Amdouni,Patrick Berg,', 2, 12, 17, 1),
(565, '0-0', '', 0, 12, 14, 1),
(566, '0-0', '', 0, 9, 1, 1),
(567, '0-2', 'Jakub Kiwior,Przemysław Frankowski,', 2, 10, 15, 1),
(568, '1-0', 'Adam Hložek,', 1, 16, 18, 1),
(569, '0-0', '', 0, 16, 5, 1),
(570, '2-0', 'Lutsharel Geertruida,Kenneth Taylor,', 2, 8, 17, 1),
(571, '0-0', '', 0, 17, 10, 1),
(572, '0-1', 'Ádám Szalai,', 1, 4, 3, 1),
(573, '1-0', 'Paul Pogba,', 1, 2, 7, 1),
(574, '1-0', 'Leonardo Bonucci,', 1, 4, 17, 1),
(575, '0-1', 'Denis Zakaria,', 1, 1, 12, 1),
(576, '1-0', 'Rafael Leão,', 1, 9, 6, 1),
(577, '1-1', 'Oleksandr Svatok,Mateo Kovačić,', 2, 20, 11, 1),
(578, '0-1', 'Tomáš Souček,', 1, 12, 16, 1),
(579, '2-0', 'Jude Bellingham,Kalvin Phillips,', 2, 6, 10, 1),
(580, '0-0', '', 0, 16, 8, 1),
(581, '2-0', 'Filip Đuričić,Marko Grujić,', 2, 13, 16, 1),
(582, '0-1', 'Linus Wahlqvist,', 1, 1, 14, 1),
(583, '2-0', 'Dušan Tadić,Sergej Milinković-Savić,', 2, 13, 7, 1),
(584, '1-0', 'Marco Verratti,', 1, 4, 1, 1),
(585, '0-2', 'Roman Yaremchuk,Oleksandr Zinchenko,', 2, 18, 20, 1),
(586, '0-2', 'Jonas Wind,Mathias Jensen,', 2, 9, 10, 1),
(587, '1-1', 'Paul Pogba,Andrej Kramarić,', 2, 2, 11, 1),
(588, '1-0', 'Denis Zakaria,', 1, 12, 20, 1),
(589, '0-2', 'Sergej Milinković-Savić,Filip Mladenović,', 2, 7, 13, 1),
(590, '0-1', 'Memphis Depay,', 1, 19, 8, 1),
(591, '0-1', 'Paul Pogba,', 1, 9, 2, 1),
(592, '0-1', 'Harry Maguire,', 1, 1, 6, 1),
(593, '1-0', 'Jorginho,', 1, 4, 7, 1),
(594, '0-0', '', 0, 11, 18, 1),
(595, '0-0', '', 0, 19, 13, 1),
(596, '0-2', 'Jurriën Timber,Georginio Wijnaldum,', 2, 3, 8, 1),
(597, '1-0', 'Sebastian Szymański,', 1, 15, 12, 1),
(598, '1-1', 'Nicolas Seiwald,Emerson Palmieri,', 2, 19, 4, 1),
(599, '0-0', '', 0, 4, 12, 1),
(600, '0-0', '', 0, 9, 13, 1),
(601, '1-1', 'Oleksandr Svatok,Yannick Carrasco,', 2, 20, 5, 1),
(602, '0-2', 'Jan Kuchta,Adam Hložek,', 2, 10, 16, 1),
(603, '1-0', 'Enes Ünal,', 1, 18, 9, 1),
(604, '1-1', 'Dejan Kulusevski,Simon Kjær,', 2, 14, 10, 1),
(605, '0-0', '', 0, 18, 6, 1),
(606, '0-2', 'Robert Lewandowski,Piotr Zieliński,', 2, 16, 15, 1),
(607, '0-2', 'Andrej Kramarić,Ivan Perišić,', 2, 5, 11, 1),
(608, '0-1', 'Gernot Trauner,', 1, 20, 19, 1),
(609, '2-0', 'Ilkay Gundogan,Matthias Ginter,', 2, 1, 19, 1),
(610, '1-0', 'Dejan Kulusevski,', 1, 14, 6, 1),
(611, '1-1', 'Gavi,Ruben Vargas,', 2, 7, 12, 1),
(612, '2-0', 'Gavi,Mikel Merino,', 2, 7, 14, 1),
(613, '1-1', 'Mohamed Elyounoussi,Ádám Lang,', 2, 17, 3, 1),
(614, '0-1', 'Paul Pogba,', 1, 19, 2, 1),
(615, '0-2', 'Karol Linetty,Sebastian Szymański,', 2, 11, 15, 1),
(616, '2-0', 'Robert Lewandowski,Przemysław Frankowski,', 2, 15, 3, 1),
(617, '1-0', 'David Jurásek,', 1, 16, 17, 1),
(618, '0-0', '', 0, 1, 15, 1),
(619, '0-0', '', 0, 16, 8, 1),
(620, '1-0', 'Dani Olmo,', 1, 7, 1, 1),
(621, '1-0', 'Marcelo Brozović,', 1, 11, 7, 1),
(622, '1-0', 'Joshua Kimmich,', 1, 1, 10, 1),
(623, '0-0', '', 0, 11, 17, 1),
(624, '0-1', 'Memphis Depay,', 1, 10, 8, 1),
(625, '2-0', 'Tomáš Čvančara,Tomáš Holeš,', 2, 16, 18, 1),
(626, '0-2', 'Rasmus Winther Højlund,Rasmus Winther Højlund,', 2, 11, 10, 1),
(627, '0-1', 'Giorgio Chiellini,', 1, 17, 4, 1),
(628, '0-0', '', 0, 13, 9, 1),
(629, '1-0', 'Samuel Gustafson,', 1, 14, 7, 1),
(630, '0-2', 'Raphael Varane,Benjamin Pavard,', 2, 12, 2, 1),
(631, '1-0', 'Marco Verratti,', 1, 4, 7, 1),
(632, '0-0', '', 0, 19, 10, 1),
(633, '0-2', 'Álvaro Morata,Rodri,', 2, 16, 7, 1),
(634, '2-0', 'Kai Havertz,Robin Gosens,', 2, 1, 19, 1),
(635, '0-1', 'Sander Berge,', 1, 19, 17, 1),
(636, '0-2', 'Lucas Hernandez,Raphael Varane,', 2, 9, 2, 1),
(637, '1-0', 'Sebastian Szymański,', 1, 15, 17, 1),
(638, '0-2', 'Mario Pašalić,Borna Barišić,', 2, 5, 11, 1),
(639, '1-1', 'Matthias Ginter,Alexander Sørloth,', 2, 1, 17, 1),
(640, '0-0', '', 0, 11, 2, 1),
(641, '2-0', 'Xavi Simons,Nathan Aké,', 2, 8, 12, 1),
(642, '0-1', 'Sebastian Szymański,', 1, 19, 15, 1),
(643, '1-1', 'Nicolo Barella,Rasmus Winther Højlund,', 2, 4, 10, 1),
(644, '0-2', 'Mykhaylo Mudryk,Oleksandr Zinchenko,', 2, 12, 20, 1),
(645, '2-0', 'Sergej Milinković-Savić,Sergej Milinković-Savić,', 2, 13, 10, 1),
(646, '1-0', 'Kerem Aktürkoğlu,', 1, 18, 6, 1),
(647, '2-0', 'Mattias Svanberg,Emil Forsberg,', 2, 14, 13, 1),
(648, '0-2', 'Pierre-Emile Højbjerg,Rasmus Winther Højlund,', 2, 9, 10, 1),
(649, '0-2', 'Aleksandar Mitrović,Strahinja Pavlović,', 2, 12, 13, 1),
(650, '0-1', 'Kenneth Taylor,', 1, 13, 8, 1),
(651, '1-0', 'Jurriën Timber,', 1, 8, 11, 1),
(652, '1-1', 'Romelu Lukaku,Paul Pogba,', 2, 5, 2, 1),
(653, '0-2', 'Dani Olmo,Gavi,', 2, 16, 7, 1),
(654, '0-1', 'Cristiano Ronaldo,', 1, 19, 9, 1),
(655, '0-0', '', 0, 17, 10, 1),
(656, '0-1', 'Robert Lewandowski,', 1, 14, 15, 1),
(657, '0-0', '', 0, 1, 18, 1),
(658, '0-0', '', 0, 10, 20, 1),
(659, '1-0', 'Gonçalo Inácio,', 1, 9, 17, 1),
(660, '0-2', 'Dani Olmo,Dani Olmo,', 2, 13, 7, 1),
(661, '2-0', 'Roland Sallai,Ádám Lang,', 2, 3, 9, 1),
(662, '2-0', 'Bruno Fernandes,Rafael Leão,', 2, 9, 13, 1),
(663, '0-2', 'Michał Karbownik,Piotr Zieliński,', 2, 7, 15, 1),
(664, '2-0', 'Xavi Simons,Georginio Wijnaldum,', 2, 8, 7, 1),
(665, '1-0', 'Jude Bellingham,', 1, 6, 13, 1),
(666, '1-0', 'Dejan Kulusevski,', 1, 14, 18, 1),
(667, '0-1', 'Dejan Kulusevski,', 1, 1, 14, 1),
(668, '2-0', 'Dominik Szoboszlai,Dávid Sigér,', 2, 3, 5, 1),
(669, '2-0', 'Ruslan Malinovskyi,Oleksandr Karavayev,', 2, 20, 5, 1),
(670, '2-0', 'Ruslan Malinovskyi,Oleksandr Zinchenko,', 2, 20, 6, 1),
(671, '0-1', 'Ákos Kecskés,', 1, 16, 3, 1),
(672, '2-0', 'Linus Wahlqvist,Samuel Gustafson,', 2, 14, 19, 1),
(673, '0-2', 'Kerem Aktürkoğlu,Cengiz Ünder,', 2, 16, 18, 1),
(674, '0-2', 'Bernardo Silva,Cristiano Ronaldo,', 2, 18, 9, 1),
(675, '0-0', '', 0, 7, 2, 1),
(676, '1-1', 'Jurriën Timber,Mario Pašalić,', 2, 8, 11, 1),
(677, '2-0', 'Toni Kroos,Toni Kroos,', 2, 1, 20, 1),
(678, '2-0', 'Sander Berge,Sander Berge,', 2, 17, 20, 1),
(679, '0-2', 'Heorhii Sudakov,Oleksandr Zinchenko,', 2, 14, 20, 1),
(680, '0-2', 'Michael Gregoritsch,Christoph Baumgartner,', 2, 17, 19, 1),
(681, '0-2', 'Giovanni Di Lorenzo,Nicolo Barella,', 2, 3, 4, 1),
(682, '0-0', '', 0, 10, 4, 1),
(683, '0-1', 'Alexander Isak,', 1, 17, 14, 1),
(684, '0-2', 'Mathias Jensen,Jonas Wind,', 2, 5, 10, 1),
(685, '0-2', 'Matty Cash,Jakub Kiwior,', 2, 20, 15, 1),
(686, '0-2', 'Declan Rice,Harry Maguire,', 2, 13, 6, 1),
(687, '1-1', 'Rasmus Winther Højlund,Adam Hložek,', 2, 10, 16, 1),
(688, '1-0', 'Harry Kane,', 1, 6, 2, 1),
(689, '0-1', 'Robert Lewandowski,', 1, 7, 15, 1),
(690, '1-0', 'Xavi Simons,', 1, 8, 12, 1),
(691, '2-0', 'Romelu Lukaku,Dodi Lukebakio,', 2, 5, 12, 1),
(692, '0-0', '', 0, 16, 4, 1),
(693, '1-0', 'Álvaro Morata,', 1, 7, 11, 1),
(694, '2-0', 'Lutsharel Geertruida,Memphis Depay,', 2, 8, 15, 1),
(695, '0-0', '', 0, 7, 16, 1),
(696, '0-1', 'Sander Berge,', 1, 14, 17, 1),
(697, '0-0', '', 0, 7, 4, 1),
(698, '2-0', 'Ákos Kecskés,Ákos Kecskés,', 2, 3, 8, 1),
(699, '0-1', 'Oleksandr Karavayev,', 1, 14, 20, 1),
(700, '0-2', 'Xavi Simons,Xavi Simons,', 2, 1, 8, 1),
(701, '1-0', 'Cristiano Ronaldo,', 1, 9, 17, 1),
(702, '0-2', 'Yannick Carrasco,Dodi Lukebakio,', 2, 6, 5, 1),
(703, '1-0', 'Dominik Szoboszlai,', 1, 3, 18, 1),
(704, '1-1', 'Michael Gregoritsch,Ruben Vargas,', 2, 19, 12, 1),
(705, '2-0', 'Yannick Carrasco,Yannick Carrasco,', 2, 5, 13, 1),
(706, '0-2', 'Luka Modrić,Luka Modrić,', 2, 20, 11, 1),
(707, '1-0', 'Sergej Milinković-Savić,', 1, 13, 20, 1),
(708, '0-2', 'Aleksandar Mitrović,Nikola Milenković,', 2, 1, 13, 1),
(709, '1-0', 'Krystian Bielik,', 1, 15, 17, 1),
(710, '0-1', 'Declan Rice,', 1, 10, 6, 1),
(711, '0-1', 'Ákos Kecskés,', 1, 10, 3, 1),
(712, '1-0', 'Ruslan Malinovskyi,', 1, 20, 2, 1),
(713, '2-0', 'Romelu Lukaku,Dodi Lukebakio,', 2, 5, 18, 1),
(714, '1-0', 'Victor Lindelöf,', 1, 14, 2, 1),
(715, '2-0', 'David Jurásek,Adam Hložek,', 2, 16, 8, 1),
(716, '2-0', 'John Stones,Harry Kane,', 2, 6, 18, 1),
(717, '1-0', 'Remo Freuler,', 1, 12, 1, 1),
(718, '2-0', 'Memphis Depay,Xavi Simons,', 2, 8, 17, 1),
(719, '1-1', 'Arthur Theate,Dejan Kulusevski,', 2, 5, 14, 1),
(720, '2-0', 'Rafael Leão,João Cancelo,', 2, 9, 3, 1),
(721, '1-1', 'Sebastian Szymański,N\'Golo Kante,', 2, 15, 2, 1),
(722, '1-0', 'Ferdi Kadıoğlu,', 1, 18, 15, 1),
(723, '1-1', 'Remo Freuler,Kerem Aktürkoğlu,', 2, 12, 18, 1),
(724, '0-1', 'Enes Ünal,', 1, 7, 18, 1),
(725, '1-1', 'N\'Golo Kante,Heorhii Sudakov,', 2, 2, 20, 1),
(726, '0-2', 'Jan Vertonghen,Dodi Lukebakio,', 2, 13, 5, 1),
(727, '0-2', 'Georginio Wijnaldum,Lutsharel Geertruida,', 2, 18, 8, 1),
(728, '1-1', 'Aleksandar Mitrović,Jonas Wind,', 2, 13, 10, 1),
(729, '2-0', 'Georginio Wijnaldum,Steven Berghuis,', 2, 8, 5, 1),
(730, '2-0', 'Michael Gregoritsch,Patrick Wimmer,', 2, 19, 16, 1),
(731, '1-0', 'Michael Gregoritsch,', 1, 19, 18, 1),
(732, '0-2', 'Nicolo Barella,Giovanni Di Lorenzo,', 2, 12, 4, 1),
(733, '0-1', 'Pierre-Emile Højbjerg,', 1, 12, 10, 1),
(734, '2-0', 'Jack Grealish,Jack Grealish,', 2, 6, 5, 1),
(735, '1-1', 'Steven Berghuis,Samuel Gustafson,', 2, 8, 14, 1),
(736, '1-0', 'Adam Hložek,', 1, 16, 12, 1),
(737, '0-1', 'Declan Rice,', 1, 17, 6, 1),
(738, '1-0', 'Roland Sallai,', 1, 3, 13, 1),
(739, '0-1', 'Mattias Svanberg,', 1, 3, 14, 1),
(740, '0-0', '', 0, 16, 8, 1),
(741, '0-1', 'Bernardo Silva,', 1, 11, 9, 1),
(742, '0-0', '', 0, 17, 13, 1),
(743, '0-1', 'Mohamed Elyounoussi,', 1, 20, 17, 1),
(744, '0-0', '', 0, 17, 6, 1),
(745, '0-1', 'Adam Hložek,', 1, 20, 16, 1),
(746, '1-1', 'Sander Berge,Sergej Milinković-Savić,', 2, 17, 13, 1),
(747, '1-0', 'Antonio Rudiger,', 1, 1, 10, 1),
(748, '0-2', 'Rafael Leão,Bruno Fernandes,', 2, 7, 9, 1),
(749, '1-0', 'Enes Ünal,', 1, 18, 15, 1),
(750, '0-2', 'Alexander Sørloth,Patrick Berg,', 2, 2, 17, 1),
(751, '0-0', '', 0, 3, 4, 1),
(752, '0-1', 'Giovanni Di Lorenzo,', 1, 2, 4, 1),
(753, '0-1', 'Ádám Lang,', 1, 4, 3, 1),
(754, '2-0', 'Dominik Szoboszlai,Dominik Szoboszlai,', 2, 3, 13, 1),
(755, '0-0', '', 0, 19, 10, 1),
(756, '0-1', 'Matty Cash,', 1, 8, 15, 1),
(757, '0-2', 'Mikkel Damsgaard,Christian Nørgaard,', 2, 14, 10, 1),
(758, '2-0', 'Benjamin Pavard,N\'Golo Kante,', 2, 2, 5, 1),
(759, '0-1', 'Memphis Depay,', 1, 13, 8, 1),
(760, '2-0', 'Andrej Kramarić,Mario Pašalić,', 2, 11, 3, 1),
(761, '1-1', 'Roland Sallai,Filip Đuričić,', 2, 3, 13, 1),
(762, '2-0', 'Przemysław Frankowski,Piotr Zieliński,', 2, 15, 18, 1),
(763, '1-1', 'Toni Kroos,Álvaro Morata,', 2, 1, 7, 1),
(764, '1-1', 'John Stones,Nicolo Barella,', 2, 6, 4, 1),
(765, '2-0', 'Martin Ødegaard,Leo Østigård,', 2, 17, 12, 1),
(766, '0-2', 'Mateo Kovačić,Josip Stanišić,', 2, 1, 11, 1),
(767, '0-1', 'Patrick Berg,', 1, 19, 17, 1),
(768, '2-0', 'Mikkel Damsgaard,Rasmus Winther Højlund,', 2, 10, 8, 1),
(769, '2-0', 'Kerem Aktürkoğlu,Hakan Çalhanoğlu,', 2, 18, 14, 1),
(770, '1-1', 'Tomáš Čvančara,Filip Đuričić,', 2, 16, 13, 1),
(771, '0-2', 'Josip Stanišić,Marcelo Brozović,', 2, 20, 11, 1),
(772, '1-0', 'Martin Ødegaard,', 1, 17, 7, 1),
(773, '1-0', 'Patrick Wimmer,', 1, 19, 20, 1),
(774, '0-2', 'Sander Berge,Leo Østigård,', 2, 1, 17, 1),
(775, '0-0', '', 0, 9, 15, 1),
(776, '0-2', 'Lucas Hernandez,N\'Golo Kante,', 2, 14, 2, 1),
(777, '1-1', 'Dušan Tadić,Tomáš Holeš,', 2, 13, 16, 1),
(778, '1-1', 'Christoph Baumgartner,Dušan Tadić,', 2, 19, 13, 1),
(779, '2-0', 'Maximilian Wöber,Marcel Sabitzer,', 2, 19, 17, 1),
(780, '2-0', 'Dušan Tadić,Sergej Milinković-Savić,', 2, 13, 12, 1),
(781, '0-1', 'Sebastian Szymański,', 1, 13, 15, 1),
(782, '1-0', 'Arthur Theate,', 1, 5, 17, 1),
(783, '0-0', '', 0, 18, 14, 1),
(784, '0-2', 'David Jurásek,Vladimír Coufal,', 2, 17, 16, 1),
(785, '1-0', 'Robert Lewandowski,', 1, 15, 16, 1),
(786, '0-1', 'Kai Havertz,', 1, 20, 1, 1),
(787, '2-0', 'Mohamed Elyounoussi,Sander Berge,', 2, 17, 1, 1),
(788, '0-1', 'Dejan Kulusevski,', 1, 20, 14, 1),
(789, '0-0', '', 0, 18, 9, 1),
(790, '1-0', 'Dodi Lukebakio,', 1, 5, 16, 1),
(791, '2-0', 'Kerem Aktürkoğlu,Salih Özcan,', 2, 18, 20, 1),
(792, '0-0', '', 0, 4, 11, 1),
(793, '0-1', 'Ivan Perišić,', 1, 2, 11, 1),
(794, '2-0', 'Roman Yaremchuk,Oleksandr Zinchenko,', 2, 20, 10, 1),
(795, '0-0', '', 0, 6, 3, 1),
(796, '0-1', 'Patrick Berg,', 1, 13, 17, 1),
(797, '2-0', 'Vladimír Coufal,Alex Král,', 2, 16, 3, 1),
(798, '2-0', 'Marcel Sabitzer,Patrick Wimmer,', 2, 19, 16, 1),
(799, '0-1', 'Sander Berge,', 1, 14, 17, 1),
(800, '1-1', 'Aleksandar Mitrović,Denis Zakaria,', 2, 13, 12, 1),
(801, '2-0', 'Gavi,Álvaro Morata,', 2, 7, 18, 1),
(802, '1-0', 'Patrick Berg,', 1, 17, 11, 1),
(803, '0-1', 'Josip Šutalo,', 1, 14, 11, 1),
(804, '0-1', 'Yannick Carrasco,', 1, 19, 5, 1),
(805, '0-1', 'Álvaro Morata,', 1, 13, 7, 1),
(806, '0-2', 'Robin Gosens,Ilkay Gundogan,', 2, 14, 1, 1),
(807, '0-1', 'Bernardo Silva,', 1, 3, 9, 1),
(808, '0-2', 'Matthias Ginter,Joshua Kimmich,', 2, 14, 1, 1),
(809, '0-0', '', 0, 18, 3, 1),
(810, '0-0', '', 0, 3, 14, 1),
(811, '1-0', 'Nicolas Seiwald,', 1, 19, 9, 1),
(812, '1-1', 'Giorgio Chiellini,Martin Ødegaard,', 2, 4, 17, 1),
(813, '0-2', 'Robin Gosens,Ilkay Gundogan,', 2, 12, 1, 1),
(814, '0-2', 'Mario Pašalić,Josip Stanišić,', 2, 4, 11, 1),
(815, '0-2', 'Zeki Amdouni,Denis Zakaria,', 2, 4, 12, 1),
(816, '0-2', 'Hakan Çalhanoğlu,Enes Ünal,', 2, 3, 18, 1),
(817, '0-0', '', 0, 17, 5, 1),
(818, '0-2', 'Cristiano Ronaldo,Bernardo Silva,', 2, 10, 9, 1),
(819, '0-0', '', 0, 13, 20, 1),
(820, '2-0', 'Dani Olmo,Mikel Merino,', 2, 7, 2, 1),
(821, '2-0', 'Rafael Leão,João Cancelo,', 2, 9, 3, 1),
(822, '0-2', 'Arthur Theate,Dodi Lukebakio,', 2, 10, 5, 1),
(823, '0-0', '', 0, 8, 3, 1),
(824, '1-1', 'Willi Orbán,Adrien Rabiot,', 2, 3, 2, 1),
(825, '1-0', 'Presnel Kimpembe,', 1, 2, 1, 1),
(826, '0-2', 'Alexander Isak,Dejan Kulusevski,', 2, 8, 14, 1),
(827, '0-1', 'Adrien Rabiot,', 1, 10, 2, 1),
(828, '0-1', 'Dominik Szoboszlai,', 1, 9, 3, 1),
(829, '0-0', '', 0, 10, 3, 1),
(830, '1-0', 'João Félix,', 1, 9, 17, 1),
(831, '1-0', 'Hakan Çalhanoğlu,', 1, 18, 12, 1),
(832, '2-0', 'Ádám Lang,Ákos Kecskés,', 2, 3, 8, 1),
(833, '1-0', 'Jan Kuchta,', 1, 16, 9, 1);
INSERT INTO `meccs_eredmeny` (`meccs_id`, `eredmeny`, `gol_szerzo`, `golszam`, `hazai_id`, `vendeg_id`, `lefutott_e`) VALUES
(834, '2-0', 'Adam Hložek,Tomáš Holeš,', 2, 16, 3, 1),
(835, '2-0', 'Marcel Sabitzer,Kevin Danso,', 2, 19, 14, 1),
(836, '0-0', '', 0, 15, 20, 1),
(837, '2-0', 'Roland Sallai,Dominik Szoboszlai,', 2, 3, 1, 1),
(838, '0-1', 'Jack Grealish,', 1, 9, 6, 1),
(839, '0-1', 'N\'Golo Kante,', 1, 17, 2, 1),
(840, '0-1', 'Jude Bellingham,', 1, 17, 6, 1),
(841, '1-0', 'Ivan Perišić,', 1, 11, 13, 1),
(842, '2-0', 'Memphis Depay,Kenneth Taylor,', 2, 8, 9, 1),
(843, '0-1', 'Jan Vertonghen,', 1, 6, 5, 1),
(844, '1-0', 'Kalvin Phillips,', 1, 6, 19, 1),
(845, '2-0', 'Bukayo Saka,Jack Grealish,', 2, 6, 1, 1),
(846, '0-1', 'Giovanni Di Lorenzo,', 1, 7, 4, 1),
(847, '0-0', '', 0, 6, 9, 1),
(848, '1-0', 'Christian Nørgaard,', 1, 10, 4, 1),
(849, '0-1', 'Yannick Carrasco,', 1, 17, 5, 1),
(850, '1-1', 'Roman Yaremchuk,Robert Lewandowski,', 2, 20, 15, 1),
(851, '1-0', 'Kai Havertz,', 1, 1, 7, 1),
(852, '0-1', 'Bukayo Saka,', 1, 4, 6, 1),
(853, '1-0', 'Álvaro Morata,', 1, 7, 17, 1),
(854, '0-1', 'Paul Pogba,', 1, 1, 2, 1),
(855, '0-1', 'Dominik Szoboszlai,', 1, 20, 3, 1),
(856, '0-0', '', 0, 18, 9, 1),
(857, '0-0', '', 0, 15, 14, 1),
(858, '0-1', 'Jude Bellingham,', 1, 8, 6, 1),
(859, '2-0', 'Marko Grujić,Filip Mladenović,', 2, 13, 7, 1),
(860, '1-1', 'Willi Orbán,Roman Yaremchuk,', 2, 3, 20, 1),
(861, '0-2', 'Leonardo Bonucci,Giorgio Chiellini,', 2, 1, 4, 1),
(862, '2-0', 'Michael Gregoritsch,Konrad Laimer,', 2, 19, 9, 1),
(863, '1-0', 'Jurriën Timber,', 1, 8, 7, 1),
(864, '0-1', 'Aleksandar Mitrović,', 1, 15, 13, 1),
(865, '0-0', '', 0, 5, 10, 1),
(866, '2-0', 'Giorgio Chiellini,Nicolo Barella,', 2, 4, 17, 1),
(867, '0-2', 'Rasmus Winther Højlund,Mikkel Damsgaard,', 2, 7, 10, 1),
(868, '1-0', 'Cédric Itten,', 1, 12, 19, 1),
(869, '2-0', 'Joško Gvardiol,Mario Pašalić,', 2, 11, 19, 1),
(870, '1-0', 'Michael Gregoritsch,', 1, 19, 20, 1),
(871, '1-0', 'Hakan Çalhanoğlu,', 1, 18, 10, 1),
(872, '0-0', '', 0, 12, 8, 1),
(873, '0-0', '', 0, 9, 8, 1),
(874, '2-0', 'Hakan Çalhanoğlu,Kerem Aktürkoğlu,', 2, 18, 2, 1),
(875, '0-1', 'Roman Yaremchuk,', 1, 10, 20, 1),
(876, '0-2', 'Rasmus Winther Højlund,Christian Nørgaard,', 2, 13, 10, 1),
(877, '1-0', 'Tomáš Souček,', 1, 16, 17, 1),
(878, '0-2', 'Piotr Zieliński,Robert Lewandowski,', 2, 20, 15, 1),
(879, '1-0', 'Dejan Kulusevski,', 1, 14, 1, 1),
(880, '1-0', 'Luke Shaw,', 1, 6, 2, 1),
(881, '0-2', 'Rasmus Winther Højlund,Pierre-Emile Højbjerg,', 2, 1, 10, 1),
(882, '2-0', 'Ádám Lang,Dávid Sigér,', 2, 3, 4, 1),
(883, '0-0', '', 0, 9, 2, 1),
(884, '0-1', 'Enes Ünal,', 1, 14, 18, 1),
(885, '0-2', 'Dani Olmo,Mikel Merino,', 2, 11, 7, 1),
(886, '0-1', 'Jonas Wind,', 1, 11, 10, 1),
(887, '1-1', 'Jack Grealish,Victor Nelsson,', 2, 6, 10, 1),
(888, '0-0', '', 0, 9, 14, 1),
(889, '0-1', 'Rafael Leão,', 1, 17, 9, 1),
(890, '2-0', 'Nicolo Barella,Nicolo Barella,', 2, 4, 15, 1),
(891, '0-2', 'Hakan Çalhanoğlu,Merih Demiral,', 2, 9, 18, 1),
(892, '0-2', 'Salih Özcan,Enes Ünal,', 2, 17, 18, 1),
(893, '0-0', '', 0, 6, 7, 1),
(894, '1-1', 'Harry Kane,Kenneth Taylor,', 2, 6, 8, 1),
(895, '1-0', 'Rodri,', 1, 7, 8, 1),
(896, '0-0', '', 0, 4, 8, 1),
(897, '0-1', 'Tomáš Čvančara,', 1, 17, 16, 1),
(898, '1-0', 'Adam Hložek,', 1, 16, 14, 1),
(899, '0-1', 'Matty Cash,', 1, 6, 15, 1),
(900, '1-1', 'Memphis Depay,Toni Kroos,', 2, 8, 1, 1),
(901, '0-2', 'Orkun Kökçü,Kerem Aktürkoğlu,', 2, 14, 18, 1),
(902, '1-0', 'Adam Hložek,', 1, 16, 4, 1),
(903, '1-1', 'Mykhaylo Mudryk,Krystian Bielik,', 2, 20, 15, 1),
(904, '1-0', 'Roman Yaremchuk,', 1, 20, 1, 1),
(905, '1-0', 'Jan Vertonghen,', 1, 5, 18, 1),
(906, '2-0', 'Harry Maguire,Bukayo Saka,', 2, 6, 1, 1),
(907, '0-0', '', 0, 17, 14, 1),
(908, '1-1', 'Attila Fiola,Ruben Vargas,', 2, 3, 12, 1),
(909, '0-2', 'Marcelo Brozović,Ivan Perišić,', 2, 2, 11, 1),
(910, '0-2', 'Dani Olmo,Gavi,', 2, 1, 7, 1),
(911, '0-0', '', 0, 18, 19, 1),
(912, '0-0', '', 0, 2, 17, 1),
(913, '1-1', 'Amadou Onana,Mohamed Elyounoussi,', 2, 5, 17, 1),
(914, '0-0', '', 0, 18, 17, 1),
(915, '0-0', '', 0, 12, 11, 1),
(916, '2-0', 'Yannick Carrasco,Amadou Onana,', 2, 5, 19, 1),
(917, '0-2', 'Jan Kuchta,Adam Hložek,', 2, 9, 16, 1),
(918, '0-1', 'Cristiano Ronaldo,', 1, 7, 9, 1),
(919, '1-0', 'Romelu Lukaku,', 1, 5, 1, 1),
(920, '0-2', 'Marten de Roon,Lutsharel Geertruida,', 2, 19, 8, 1),
(921, '0-0', '', 0, 4, 7, 1),
(922, '1-1', 'Sergej Milinković-Savić,Hakan Çalhanoğlu,', 2, 13, 18, 1),
(923, '0-0', '', 0, 6, 20, 1),
(924, '0-0', '', 0, 5, 3, 1),
(925, '0-1', 'Christoph Baumgartner,', 1, 6, 19, 1),
(926, '1-1', 'Kerem Aktürkoğlu,Nicolo Barella,', 2, 18, 4, 1),
(927, '0-2', 'Toni Kroos,Toni Kroos,', 2, 16, 1, 1),
(928, '2-0', 'Nikola Milenković,Sergej Milinković-Savić,', 2, 13, 14, 1),
(929, '2-0', 'Marco Verratti,Emerson Palmieri,', 2, 4, 8, 1),
(930, '0-1', 'Marco Verratti,', 1, 20, 4, 1),
(931, '0-1', 'Michael Gregoritsch,', 1, 17, 19, 1),
(932, '0-2', 'João Félix,João Félix,', 2, 4, 9, 1),
(933, '0-2', 'Jorginho,Jorginho,', 2, 6, 4, 1),
(934, '0-1', 'Harry Kane,', 1, 18, 6, 1),
(935, '0-1', 'Harry Kane,', 1, 4, 6, 1),
(936, '1-1', 'Adam Hložek,Pierre-Emile Højbjerg,', 2, 16, 10, 1),
(937, '2-0', 'Rodri,Rodri,', 2, 7, 1, 1),
(938, '0-0', '', 0, 10, 17, 1),
(939, '2-0', 'Mikkel Damsgaard,Christian Nørgaard,', 2, 10, 20, 1),
(940, '1-0', 'Çağlar Söyüncü,', 1, 18, 1, 1),
(941, '0-2', 'Nicolas Seiwald,Konrad Laimer,', 2, 12, 19, 1),
(942, '0-2', 'Kalvin Phillips,Harry Kane,', 2, 10, 6, 1),
(943, '1-1', 'Romelu Lukaku,Martin Ødegaard,', 2, 5, 17, 1),
(944, '0-0', '', 0, 1, 2, 1),
(945, '0-1', 'Cristiano Ronaldo,', 1, 2, 9, 1),
(946, '1-0', 'Álvaro Morata,', 1, 7, 15, 1),
(947, '1-1', 'Ádám Szalai,Remo Freuler,', 2, 3, 12, 1),
(948, '0-2', 'Karol Linetty,Piotr Zieliński,', 2, 6, 15, 1),
(949, '0-1', 'Dodi Lukebakio,', 1, 7, 5, 1),
(950, '0-2', 'Sergej Milinković-Savić,Sergej Milinković-Savić,', 2, 4, 13, 1),
(951, '1-1', 'Sergej Milinković-Savić,Arthur Theate,', 2, 13, 5, 1),
(952, '0-2', 'Mikkel Damsgaard,Simon Kjær,', 2, 4, 10, 1),
(953, '0-1', 'Luka Modrić,', 1, 9, 11, 1),
(954, '1-0', 'Tomáš Souček,', 1, 16, 12, 1),
(955, '0-1', 'Attila Fiola,', 1, 2, 3, 1),
(956, '0-2', 'Oleksandr Svatok,Taras Stepanenko,', 2, 9, 20, 1),
(957, '0-0', '', 0, 4, 12, 1),
(958, '0-0', '', 0, 11, 17, 1),
(959, '0-2', 'Michael Gregoritsch,Patrick Wimmer,', 2, 5, 19, 1),
(960, '0-0', '', 0, 8, 2, 1),
(961, '1-0', 'Jan Bednarek,', 1, 15, 16, 1),
(962, '0-2', 'Rafael Leão,Cristiano Ronaldo,', 2, 8, 9, 1),
(963, '1-1', 'Ivan Ilić,Remo Freuler,', 2, 13, 12, 1),
(964, '1-0', 'Joshua Kimmich,', 1, 1, 8, 1),
(965, '0-2', 'Ivan Perišić,Mateo Kovačić,', 2, 12, 11, 1),
(966, '0-1', 'Steven Berghuis,', 1, 7, 8, 1),
(967, '1-0', 'Robert Lewandowski,', 1, 15, 16, 1),
(968, '1-0', 'Dani Olmo,', 1, 7, 2, 1),
(969, '0-2', 'Andrej Kramarić,Mario Pašalić,', 2, 12, 11, 1),
(970, '0-1', 'Robin Gosens,', 1, 8, 1, 1),
(971, '0-1', 'Sebastian Szymański,', 1, 14, 15, 1),
(972, '2-0', 'Aymeric Laporte,Alejandro Baldé,', 2, 7, 4, 1),
(973, '2-0', 'Nicolas Seiwald,Marcel Sabitzer,', 2, 19, 2, 1),
(974, '2-0', 'João Félix,Rafael Leão,', 2, 9, 20, 1),
(975, '2-0', 'Rasmus Winther Højlund,Mathias Jensen,', 2, 10, 13, 1),
(976, '1-0', 'Cengiz Ünder,', 1, 18, 6, 1),
(977, '0-0', '', 0, 1, 8, 1),
(978, '0-1', 'Ivan Perišić,', 1, 1, 11, 1),
(979, '0-1', 'Hakan Çalhanoğlu,', 1, 14, 18, 1),
(980, '1-0', 'Aleksandar Mitrović,', 1, 13, 17, 1),
(981, '0-0', '', 0, 17, 6, 1),
(982, '0-1', 'Michael Gregoritsch,', 1, 9, 19, 1),
(983, '0-0', '', 0, 14, 1, 1),
(984, '0-0', '', 0, 16, 12, 0),
(985, '0-0', '', 0, 7, 2, 0),
(986, '0-0', '', 0, 15, 17, 1),
(987, '4-0', 'Marcelo Brozović,Ivan Perišić,Luka Modrić,Ivan Perišić,', 4, 11, 14, 1),
(988, '2-0', 'Mateo Kovačić,Josip Stanišić,', 2, 11, 12, 1),
(989, '0-1', 'Timothy Castagne,', 1, 6, 5, 1),
(990, '2-0', 'Dávid Sigér,Ákos Kecskés,', 2, 3, 11, 1),
(991, '0-2', 'Ladislav Krejčí,Vladimír Coufal,', 2, 7, 16, 1),
(992, '0-2', 'László Kleinheisler,Ákos Kecskés,', 2, 5, 3, 1),
(993, '2-2', 'João Félix,João Félix,Álvaro Morata,Iago Aspas,', 4, 9, 7, 1),
(994, '1-7', 'Gavi,Rasmus Winther Højlund,Mathias Jensen,Mikkel Damsgaard,Mikkel Damsgaard,Jonas Wind,Mathias Jensen,Victor Nelsson,', 8, 7, 10, 1),
(995, '4-4', 'Dominik Szoboszlai,Dominik Szoboszlai,Ádám Szalai,László Kleinheisler,Samuel Gustafson,Dejan Kulusevski,Linus Wahlqvist,Samuel Gustafson,', 8, 3, 14, 1),
(996, '0-5', 'Jonas Wind,Jonas Wind,Mikkel Damsgaard,Christian Nørgaard,Rasmus Winther Højlund,', 5, 6, 10, 1),
(997, '3-4', 'Oleksandr Karavayev,Vitaliy Mykolenko,Oleksandr Zinchenko,Cédric Itten,Cédric Itten,Granit Xhaka,Cédric Itten,', 7, 20, 12, 1),
(998, '0-6', 'Oleksandr Zinchenko,Mykola Matviyenko,Roman Yaremchuk,Roman Yaremchuk,Oleksandr Svatok,Taras Stepanenko,', 6, 19, 20, 1),
(999, '3-2', 'Samuel Gustafson,Alexander Isak,Emil Forsberg,Andrej Kramarić,Mario Pašalić,', 5, 14, 11, 1),
(1000, '4-4', 'Sebastian Szymański,Sebastian Szymański,Krystian Bielik,Robert Lewandowski,Orkun Kökçü,Kerem Aktürkoğlu,Hakan Çalhanoğlu,Enes Ünal,', 8, 15, 18, 1),
(1001, '0-1', 'Ivan Ilić,', 1, 2, 13, 1),
(1002, '1-1', 'N\'Golo Kante,Giovanni Di Lorenzo,', 2, 2, 4, 1),
(1003, '1-7', 'Steven Berghuis,Mykhaylo Mudryk,Oleksandr Zinchenko,Taras Stepanenko,Oleksandr Svatok,Oleksandr Zinchenko,Heorhii Sudakov,Ruslan Malinovskyi,', 8, 8, 20, 1),
(1004, '2-2', 'Orel Mangala,Romelu Lukaku,Tomáš Souček,Tomáš Čvančara,', 4, 5, 16, 1),
(1005, '6-0', 'Mikel Merino,Daniel Carvajal,Álvaro Morata,Gavi,Dani Olmo,Gavi,', 6, 7, 4, 1),
(1006, '2-0', 'Cédric Itten,Zeki Amdouni,', 2, 12, 7, 1),
(1007, '0-4', 'Simon Kjær,Victor Nelsson,Christian Nørgaard,Rasmus Winther Højlund,', 4, 2, 10, 1),
(1008, '5-0', 'Ruben Vargas,Granit Xhaka,Remo Freuler,Cédric Itten,Zeki Amdouni,', 5, 12, 4, 1),
(1009, '1-7', 'Mohamed Elyounoussi,Adrien Rabiot,N\'Golo Kante,Adrien Rabiot,N\'Golo Kante,Paul Pogba,Raphael Varane,Presnel Kimpembe,', 8, 17, 2, 1),
(1010, '3-3', 'Mattias Svanberg,Dejan Kulusevski,Alexander Isak,Romelu Lukaku,Yannick Carrasco,Kevin De Bruyne,', 6, 14, 5, 1),
(1011, '4-4', 'Robert Lewandowski,Krystian Bielik,Przemysław Frankowski,Robert Lewandowski,Steven Berghuis,Memphis Depay,Jurriën Timber,Memphis Depay,', 8, 15, 8, 1),
(1012, '5-3', 'Kalvin Phillips,Declan Rice,Jack Grealish,Kalvin Phillips,Harry Kane,Leonardo Bonucci,Nicolo Barella,Jorginho,', 8, 6, 4, 1),
(1013, '3-2', 'Ivan Perišić,Borna Barišić,Mario Pašalić,Kerem Aktürkoğlu,Enes Ünal,', 5, 11, 18, 1),
(1014, '3-3', 'Ladislav Krejčí,Adam Hložek,Tomáš Čvančara,Rodri,Aymeric Laporte,Aymeric Laporte,', 6, 16, 7, 1),
(1015, '0-0', '', 0, 20, 8, 1),
(1016, '1-0', 'Gavi,', 1, 7, 14, 1),
(1017, '2-3', 'Alexander Sørloth,Alexander Sørloth,Declan Rice,Harry Maguire,Jack Grealish,', 5, 17, 6, 1),
(1018, '0-1', 'Gavi,', 1, 19, 7, 1),
(1019, '5-5', 'Benjamin Pavard,Lucas Hernandez,Lucas Hernandez,Lucas Hernandez,N\'Golo Kante,Mathias Jensen,Jonas Wind,Jonas Wind,Mikkel Damsgaard,Mikkel Damsgaard,', 10, 2, 10, 1),
(1020, '0-2', 'Ricardo Rodríguez,Cédric Itten,', 2, 6, 12, 1),
(1021, '0-0', '', 0, 20, 2, 0),
(1022, '1-1', 'Emerson Palmieri,Dani Olmo,', 2, 4, 7, 1),
(1023, '1-3', 'Gernot Trauner,Taras Stepanenko,Ruslan Malinovskyi,Ruslan Malinovskyi,', 4, 19, 20, 1),
(1024, '0-0', '', 0, 20, 16, 1),
(1025, '0-2', 'Tomáš Holeš,Ladislav Krejčí,', 2, 14, 16, 1),
(1026, '5-0', 'Tomáš Souček,Tomáš Čvančara,Tomáš Čvančara,Adam Hložek,Adam Hložek,', 5, 16, 20, 1),
(1027, '1-1', 'N\'Golo Kante,Marcelo Brozović,', 2, 2, 11, 1),
(1028, '1-1', 'Alexander Isak,Roman Yaremchuk,', 2, 14, 20, 1),
(1029, '5-0', 'Simon Kjær,Mikkel Damsgaard,Simon Kjær,Jonas Wind,Mikkel Damsgaard,', 5, 10, 13, 1),
(1030, '0-1', 'João Félix,', 1, 4, 9, 1),
(1031, '5-0', 'Patrick Wimmer,Nicolas Seiwald,Phillipp Mwene,Marcel Sabitzer,Michael Gregoritsch,', 5, 19, 13, 1),
(1032, '1-1', 'Ádám Szalai,Sergej Milinković-Savić,', 2, 3, 13, 1),
(1033, '1-3', 'Hakan Çalhanoğlu,Ludwig Augustinsson,Alexander Isak,Linus Wahlqvist,', 4, 18, 14, 1),
(1034, '0-0', '', 0, 12, 16, 1),
(1035, '0-3', 'David Jurásek,Alex Král,Tomáš Čvančara,', 3, 12, 16, 1),
(1036, '2-0', 'Hakan Çalhanoğlu,Enes Ünal,', 2, 18, 19, 1),
(1037, '1-0', 'Mohamed Elyounoussi,', 1, 17, 11, 1),
(1038, '2-1', 'Marko Grujić,Dušan Tadić,Dani Olmo,', 3, 13, 7, 1),
(1039, '4-0', 'Roland Sallai,László Kleinheisler,László Kleinheisler,Ákos Kecskés,', 4, 3, 8, 1),
(1040, '0-2', 'Dominik Szoboszlai,Attila Fiola,', 2, 12, 3, 1),
(1041, '3-0', 'Ruslan Malinovskyi,Roman Yaremchuk,Mykola Matviyenko,', 3, 20, 8, 1),
(1042, '0-4', 'Kerem Aktürkoğlu,Enes Ünal,Salih Özcan,Orkun Kökçü,', 4, 5, 18, 1),
(1043, '0-2', 'Martin Ødegaard,Sander Berge,', 2, 18, 17, 1),
(1044, '6-0', 'Heorhii Sudakov,Heorhii Sudakov,Heorhii Sudakov,Roman Yaremchuk,Oleksandr Karavayev,Oleksandr Svatok,', 6, 20, 8, 1),
(1045, '1-2', 'Tomáš Čvančara,Rafael Leão,Cristiano Ronaldo,', 3, 16, 9, 1),
(1046, '0-0', '', 0, 11, 1, 1),
(1047, '1-3', 'Mykhaylo Mudryk,Cédric Itten,Zeki Amdouni,Silvan Widmer,', 4, 20, 12, 1),
(1048, '2-1', 'Aleksandar Mitrović,Aleksandar Mitrović,Jonas Wind,', 3, 13, 10, 1),
(1049, '1-2', 'Harry Kane,Gonçalo Inácio,Cristiano Ronaldo,', 3, 6, 9, 1),
(1050, '1-1', 'Álvaro Morata,Michael Gregoritsch,', 2, 7, 19, 1),
(1051, '0-0', '', 0, 5, 14, 0);

-- --------------------------------------------------------

--
-- Tábla szerkezet ehhez a táblához `nemzetek`
--

CREATE TABLE `nemzetek` (
  `nemzet_id` int(11) NOT NULL,
  `nemzet_nev` varchar(255) NOT NULL
) ENGINE=InnoDB DEFAULT CHARSET=utf8mb4;

--
-- A tábla adatainak kiíratása `nemzetek`
--

INSERT INTO `nemzetek` (`nemzet_id`, `nemzet_nev`) VALUES
(1, 'Németország'),
(2, 'Franciaország'),
(3, 'Magyarország'),
(4, 'Olaszország'),
(5, 'Belgium'),
(6, 'Anglia'),
(7, 'Spanyolország'),
(8, 'Hollandia'),
(9, 'Portugália'),
(10, 'Dánia'),
(11, 'Horvátország'),
(12, 'Svájc'),
(13, 'Szerbia'),
(14, 'Svédország'),
(15, 'Lengyelország'),
(16, 'Csehország'),
(17, 'Norvégia'),
(18, 'Törökország'),
(19, 'Ausztria'),
(20, 'Ukrajna');

-- --------------------------------------------------------

--
-- Tábla szerkezet ehhez a táblához `penztarca`
--

CREATE TABLE `penztarca` (
  `felhasz_id` int(11) NOT NULL,
  `penztarca_id` int(11) NOT NULL,
  `egyenleg` double NOT NULL
) ENGINE=InnoDB DEFAULT CHARSET=utf8mb4;

--
-- A tábla adatainak kiíratása `penztarca`
--

INSERT INTO `penztarca` (`felhasz_id`, `penztarca_id`, `egyenleg`) VALUES
(3, 1, 2000),
(4, 2, 2420),
(5, 6, 0);

--
-- Indexek a kiírt táblákhoz
--

--
-- A tábla indexei `be_ki_fizetes`
--
ALTER TABLE `be_ki_fizetes`
  ADD PRIMARY KEY (`id`),
  ADD KEY `penztarca_id` (`penztarca_id`);

--
-- A tábla indexei `felhasznaloi_adatok`
--
ALTER TABLE `felhasznaloi_adatok`
  ADD PRIMARY KEY (`felhasz_id`);

--
-- A tábla indexei `fogadas`
--
ALTER TABLE `fogadas`
  ADD PRIMARY KEY (`fog_id`),
  ADD KEY `felhasz_id` (`felhasz_id`),
  ADD KEY `meccs_id` (`meccs_id`),
  ADD KEY `fogadasi_szam` (`fogadasi_szam`);

--
-- A tábla indexei `fogadasi_lehetoseg`
--
ALTER TABLE `fogadasi_lehetoseg`
  ADD PRIMARY KEY (`fogadasi_szam`);

--
-- A tábla indexei `jatekosok`
--
ALTER TABLE `jatekosok`
  ADD KEY `nemzet_id` (`nemzet_id`);

--
-- A tábla indexei `meccs_eredmeny`
--
ALTER TABLE `meccs_eredmeny`
  ADD PRIMARY KEY (`meccs_id`),
  ADD KEY `hazai_id` (`hazai_id`),
  ADD KEY `vendeg_id` (`vendeg_id`);

--
-- A tábla indexei `nemzetek`
--
ALTER TABLE `nemzetek`
  ADD PRIMARY KEY (`nemzet_id`);

--
-- A tábla indexei `penztarca`
--
ALTER TABLE `penztarca`
  ADD PRIMARY KEY (`penztarca_id`),
  ADD KEY `felhasz_id` (`felhasz_id`);

--
-- A kiírt táblák AUTO_INCREMENT értéke
--

--
-- AUTO_INCREMENT a táblához `be_ki_fizetes`
--
ALTER TABLE `be_ki_fizetes`
  MODIFY `id` int(10) UNSIGNED NOT NULL AUTO_INCREMENT, AUTO_INCREMENT=29;

--
-- AUTO_INCREMENT a táblához `felhasznaloi_adatok`
--
ALTER TABLE `felhasznaloi_adatok`
  MODIFY `felhasz_id` int(11) NOT NULL AUTO_INCREMENT, AUTO_INCREMENT=6;

--
-- AUTO_INCREMENT a táblához `fogadas`
--
ALTER TABLE `fogadas`
  MODIFY `fog_id` int(11) NOT NULL AUTO_INCREMENT, AUTO_INCREMENT=62;

--
-- AUTO_INCREMENT a táblához `fogadasi_lehetoseg`
--
ALTER TABLE `fogadasi_lehetoseg`
  MODIFY `fogadasi_szam` int(11) NOT NULL AUTO_INCREMENT, AUTO_INCREMENT=23;

--
-- AUTO_INCREMENT a táblához `meccs_eredmeny`
--
ALTER TABLE `meccs_eredmeny`
  MODIFY `meccs_id` int(11) NOT NULL AUTO_INCREMENT, AUTO_INCREMENT=1052;

--
-- AUTO_INCREMENT a táblához `nemzetek`
--
ALTER TABLE `nemzetek`
  MODIFY `nemzet_id` int(11) NOT NULL AUTO_INCREMENT, AUTO_INCREMENT=21;

--
-- AUTO_INCREMENT a táblához `penztarca`
--
ALTER TABLE `penztarca`
  MODIFY `penztarca_id` int(11) NOT NULL AUTO_INCREMENT, AUTO_INCREMENT=7;

--
-- Megkötések a kiírt táblákhoz
--

--
-- Megkötések a táblához `be_ki_fizetes`
--
ALTER TABLE `be_ki_fizetes`
  ADD CONSTRAINT `be_ki_fizetes_ibfk_1` FOREIGN KEY (`penztarca_id`) REFERENCES `penztarca` (`penztarca_id`) ON DELETE CASCADE ON UPDATE CASCADE;

--
-- Megkötések a táblához `fogadas`
--
ALTER TABLE `fogadas`
  ADD CONSTRAINT `FK2` FOREIGN KEY (`fogadasi_szam`) REFERENCES `fogadasi_lehetoseg` (`fogadasi_szam`) ON DELETE CASCADE ON UPDATE CASCADE,
  ADD CONSTRAINT `FK3` FOREIGN KEY (`felhasz_id`) REFERENCES `felhasznaloi_adatok` (`felhasz_id`) ON DELETE CASCADE ON UPDATE CASCADE,
  ADD CONSTRAINT `FK4` FOREIGN KEY (`meccs_id`) REFERENCES `meccs_eredmeny` (`meccs_id`) ON DELETE CASCADE ON UPDATE CASCADE;

--
-- Megkötések a táblához `jatekosok`
--
ALTER TABLE `jatekosok`
  ADD CONSTRAINT `FK5` FOREIGN KEY (`nemzet_id`) REFERENCES `nemzetek` (`nemzet_id`);

--
-- Megkötések a táblához `meccs_eredmeny`
--
ALTER TABLE `meccs_eredmeny`
  ADD CONSTRAINT `FK6` FOREIGN KEY (`hazai_id`) REFERENCES `nemzetek` (`nemzet_id`),
  ADD CONSTRAINT `FK7` FOREIGN KEY (`vendeg_id`) REFERENCES `nemzetek` (`nemzet_id`);

--
-- Megkötések a táblához `penztarca`
--
ALTER TABLE `penztarca`
  ADD CONSTRAINT `penztarca_ibfk_1` FOREIGN KEY (`felhasz_id`) REFERENCES `felhasznaloi_adatok` (`felhasz_id`) ON DELETE CASCADE ON UPDATE CASCADE;
COMMIT;

/*!40101 SET CHARACTER_SET_CLIENT=@OLD_CHARACTER_SET_CLIENT */;
/*!40101 SET CHARACTER_SET_RESULTS=@OLD_CHARACTER_SET_RESULTS */;
/*!40101 SET COLLATION_CONNECTION=@OLD_COLLATION_CONNECTION */;
